year,family,species_id,species,landed_wtround_lbs,landed_wtround_kgs,metric_tonnes_round_wt,number_landed,landed_value,avg_value_per_lbs_num,meta_id,run_date,last_data_update,landing_year,vessel_length_category,vessel_length,shore_type
2013,Groundfish,100,"Cod, Atlantic",18120526,8219417,8219,0,8208902,0.453,0001,2020-09-23,2020-09-22T20:35:00Z,2013,All Vessels,NA,NA
2013,Groundfish,110,Haddock,180219,81747,82,0,77647,0.431,0001,2020-09-23,2020-09-22T20:35:00Z,2013,All Vessels,NA,NA
2013,Groundfish,120,Redfish,6597122,2992435,2992,0,5906512,0.895,0001,2020-09-23,2020-09-22T20:35:00Z,2013,All Vessels,NA,NA
2013,Groundfish,130,Halibut,1425243,646486,646,0,5486305,3.849,0001,2020-09-23,2020-09-22T20:35:00Z,2013,All Vessels,NA,NA
2013,Groundfish,144,Turbot/Greenland halibut,23759538,10777256,10777,0,50256565,2.115,0001,2020-09-23,2020-09-22T20:35:00Z,2013,All Vessels,NA,NA
2013,Groundfish,149,Flounders,21829697,9901886,9902,0,14697324,0.673,0001,2020-09-23,2020-09-22T20:35:00Z,2013,All Vessels,NA,NA
2013,Groundfish,160,Skate,695336,315402,315,0,85038,0.122,0001,2020-09-23,2020-09-22T20:35:00Z,2013,All Vessels,NA,NA
2013,Groundfish,170,Pollock,327647,148620,149,0,92532,0.282,0001,2020-09-23,2020-09-22T20:35:00Z,2013,All Vessels,NA,NA
2013,Groundfish,171,"Hake, white",618754,280665,281,0,232391,0.376,0001,2020-09-23,2020-09-22T20:35:00Z,2013,All Vessels,NA,NA
2013,Groundfish,173,Cusk,2900,1316,1,0,369,0.127,0001,2020-09-23,2020-09-22T20:35:00Z,2013,All Vessels,NA,NA
2013,Groundfish,177,Monkfish (Am angler),116083,52655,53,0,74758,0.644,0001,2020-09-23,2020-09-22T20:35:00Z,2013,All Vessels,NA,NA
2013,Groundfish,182,"Grenadier, rough-head",31094,14104,14,0,2082,0.067,0001,2020-09-23,2020-09-22T20:35:00Z,2013,All Vessels,NA,NA
2013,Groundfish,192,"Wolffish, Striped/ Atlantic",12496,5668,6,0,2513,0.201,0001,2020-09-23,2020-09-22T20:35:00Z,2013,All Vessels,NA,NA
2013,Pelagics,200,"Herring, Atlantic",65188615,29569362,29569,0,8149275,0.125,0001,2020-09-23,2020-09-22T20:35:00Z,2013,All Vessels,NA,NA
2013,Pelagics,250,Mackerel,11396769,5169541,5170,0,2836461,0.249,0001,2020-09-23,2020-09-22T20:35:00Z,2013,All Vessels,NA,NA
2013,Pelagics,254,"Tuna, bluefin",59219,26861,27,75,174775,2.951,0001,2020-09-23,2020-09-22T20:35:00Z,2013,All Vessels,NA,NA
2013,Pelagics,352,Eels,82581,37458,37,0,196070,2.374,0001,2020-09-23,2020-09-22T20:35:00Z,2013,All Vessels,NA,NA
2013,Pelagics,360,Capelin,66180661,30019351,30019,0,6021312,0.091,0001,2020-09-23,2020-09-22T20:35:00Z,2013,All Vessels,NA,NA
2013,Molluscs,612,"Scallop, Sea",2364913,1072717,1073,0,2492779,1.054,0001,2020-09-23,2020-09-22T20:35:00Z,2013,All Vessels,NA,NA
2013,Molluscs,615,Whelks,10459579,4744434,4744,0,6645652,0.635,0001,2020-09-23,2020-09-22T20:35:00Z,2013,All Vessels,NA,NA
2013,Molluscs,617,"Scallop, Iceland",885481,401652,402,0,788664,0.891,0001,2020-09-23,2020-09-22T20:35:00Z,2013,All Vessels,NA,NA
2013,Crustacean,700,Lobster,4802261,2178291,2178,0,17348404,3.613,0001,2020-09-23,2020-09-22T20:35:00Z,2013,All Vessels,NA,NA
2013,Crustacean,702,"Shrimp, Pandalus Borealis",204092143,92575589,92576,0,219478430,1.075,0001,2020-09-23,2020-09-22T20:35:00Z,2013,All Vessels,NA,NA
2013,Crustacean,705,"Crab, Queen/Snow",112033402,50818018,50818,0,220254688,1.966,0001,2020-09-23,2020-09-22T20:35:00Z,2013,All Vessels,NA,NA
2013,Crustacean,712,"Shrimp, Pandalus Montagui",10803561,4900463,4900,0,18149845,1.68,0001,2020-09-23,2020-09-22T20:35:00Z,2013,All Vessels,NA,NA
2013,Miscellaneous,959,Groundfish Heads,3835587,1739811,1740,0,7249270,1.89,0001,2020-09-23,2020-09-22T20:35:00Z,2013,All Vessels,NA,NA
2014,Groundfish,100,"Cod, Atlantic",22768178,10327578,10328,0,13253338,0.582,0002,2020-09-23,2020-09-22T20:35:00Z,2014,All Vessels,NA,NA
2014,Groundfish,110,Haddock,719309,326276,326,0,363464,0.505,0002,2020-09-23,2020-09-22T20:35:00Z,2014,All Vessels,NA,NA
2014,Groundfish,120,Redfish,4621905,2096482,2096,0,4270956,0.924,0002,2020-09-23,2020-09-22T20:35:00Z,2014,All Vessels,NA,NA
2014,Groundfish,130,Halibut,1846227,837443,837,0,7377904,3.996,0002,2020-09-23,2020-09-22T20:35:00Z,2014,All Vessels,NA,NA
2014,Groundfish,144,Turbot/Greenland halibut,25025470,11351479,11351,0,54476290,2.177,0002,2020-09-23,2020-09-22T20:35:00Z,2014,All Vessels,NA,NA
2014,Groundfish,149,Flounders,18203886,8257229,8257,0,11782019,0.647,0002,2020-09-23,2020-09-22T20:35:00Z,2014,All Vessels,NA,NA
2014,Groundfish,160,Skate,459250,208315,208,0,56066,0.122,0002,2020-09-23,2020-09-22T20:35:00Z,2014,All Vessels,NA,NA
2014,Groundfish,170,Pollock,740845,336045,336,0,236471,0.319,0002,2020-09-23,2020-09-22T20:35:00Z,2014,All Vessels,NA,NA
2014,Groundfish,171,"Hake, white",893457,405270,405,0,373791,0.418,0002,2020-09-23,2020-09-22T20:35:00Z,2014,All Vessels,NA,NA
2014,Groundfish,177,Monkfish (Am angler),8109,3678,4,0,4392,0.542,0002,2020-09-23,2020-09-22T20:35:00Z,2014,All Vessels,NA,NA
2014,Groundfish,182,"Grenadier, rough-head",19677,8925,9,0,1619,0.082,0002,2020-09-23,2020-09-22T20:35:00Z,2014,All Vessels,NA,NA
2014,Groundfish,192,"Wolffish, Striped/ Atlantic",143567,65122,65,0,6353,0.044,0002,2020-09-23,2020-09-22T20:35:00Z,2014,All Vessels,NA,NA
2014,Pelagics,200,"Herring, Atlantic",56727177,25731279,25731,0,5672718,0.1,0002,2020-09-23,2020-09-22T20:35:00Z,2014,All Vessels,NA,NA
2014,Pelagics,250,Mackerel,7566381,3432088,3432,0,1868896,0.247,0002,2020-09-23,2020-09-22T20:35:00Z,2014,All Vessels,NA,NA
2014,Pelagics,254,"Tuna, bluefin",51505,23363,23,66,196940,3.824,0002,2020-09-23,2020-09-22T20:35:00Z,2014,All Vessels,NA,NA
2014,Pelagics,360,Capelin,63627852,28861404,28861,0,9161549,0.144,0002,2020-09-23,2020-09-22T20:35:00Z,2014,All Vessels,NA,NA
2014,Molluscs,612,"Scallop, Sea",2604975,1181609,1182,0,2934368,1.126,0002,2020-09-23,2020-09-22T20:35:00Z,2014,All Vessels,NA,NA
2014,Molluscs,615,Whelks,5346916,2425345,2425,0,4102376,0.767,0002,2020-09-23,2020-09-22T20:35:00Z,2014,All Vessels,NA,NA
2014,Molluscs,617,"Scallop, Iceland",699286,317194,317,0,612119,0.875,0002,2020-09-23,2020-09-22T20:35:00Z,2014,All Vessels,NA,NA
2014,Crustacean,619,Sea cucumber,2063326,935919,936,0,722164,0.35,0002,2020-09-23,2020-09-22T20:35:00Z,2014,All Vessels,NA,NA
2014,Crustacean,700,Lobster,4663115,2115175,2115,0,18272073,3.918,0002,2020-09-23,2020-09-22T20:35:00Z,2014,All Vessels,NA,NA
2014,Crustacean,702,"Shrimp, Pandalus Borealis",168653268,76500620,76501,0,234062750,1.388,0002,2020-09-23,2020-09-22T20:35:00Z,2014,All Vessels,NA,NA
2014,Crustacean,704,"Crab, rock",158089,71709,72,0,63236,0.4,0002,2020-09-23,2020-09-22T20:35:00Z,2014,All Vessels,NA,NA
2014,Crustacean,705,"Crab, Queen/Snow",110116379,49948462,49948,0,257672551,2.34,0002,2020-09-23,2020-09-22T20:35:00Z,2014,All Vessels,NA,NA
2014,Crustacean,712,"Shrimp, Pandalus Montagui",9897023,4489260,4489,0,19299329,1.95,0002,2020-09-23,2020-09-22T20:35:00Z,2014,All Vessels,NA,NA
2014,Miscellaneous,959,Groundfish Heads,3128459,1419060,1419,0,7316540,2.339,0002,2020-09-23,2020-09-22T20:35:00Z,2014,All Vessels,NA,NA
2015,Groundfish,100,"Cod, Atlantic",23638581,10722390,10722,0,14440654,0.611,0003,2020-09-23,2020-09-22T20:35:00Z,2015,All Vessels,NA,NA
2015,Groundfish,110,Haddock,581683,263850,264,0,349559,0.601,0003,2020-09-23,2020-09-22T20:35:00Z,2015,All Vessels,NA,NA
2015,Groundfish,120,Redfish,9397099,4262496,4262,0,8716619,0.928,0003,2020-09-23,2020-09-22T20:35:00Z,2015,All Vessels,NA,NA
2015,Groundfish,130,Halibut,1441642,653924,654,0,6494211,4.505,0003,2020-09-23,2020-09-22T20:35:00Z,2015,All Vessels,NA,NA
2015,Groundfish,144,Turbot/Greenland halibut,24363181,11051066,11051,0,65208856,2.677,0003,2020-09-23,2020-09-22T20:35:00Z,2015,All Vessels,NA,NA
2015,Groundfish,149,Flounders,15450878,7008472,7008,0,10221230,0.662,0003,2020-09-23,2020-09-22T20:35:00Z,2015,All Vessels,NA,NA
2015,Groundfish,160,Skate,395679,179479,179,0,44466,0.112,0003,2020-09-23,2020-09-22T20:35:00Z,2015,All Vessels,NA,NA
2015,Groundfish,170,Pollock,473407,214736,215,0,204319,0.432,0003,2020-09-23,2020-09-22T20:35:00Z,2015,All Vessels,NA,NA
2015,Groundfish,171,"Hake, white",531019,240869,241,0,255227,0.481,0003,2020-09-23,2020-09-22T20:35:00Z,2015,All Vessels,NA,NA
2015,Groundfish,177,Monkfish (Am angler),90740,41160,41,0,68868,0.759,0003,2020-09-23,2020-09-22T20:35:00Z,2015,All Vessels,NA,NA
2015,Groundfish,192,"Wolffish, Striped/ Atlantic",5784,2624,3,0,1052,0.182,0003,2020-09-23,2020-09-22T20:35:00Z,2015,All Vessels,NA,NA
2015,Pelagics,200,"Herring, Atlantic",59113562,26813736,26814,0,6679813,0.113,0003,2020-09-23,2020-09-22T20:35:00Z,2015,All Vessels,NA,NA
2015,Pelagics,250,Mackerel,1544479,700571,701,0,330516,0.214,0003,2020-09-23,2020-09-22T20:35:00Z,2015,All Vessels,NA,NA
2015,Pelagics,254,"Tuna, bluefin",60429,27410,27,80,210287,3.48,0003,2020-09-23,2020-09-22T20:35:00Z,2015,All Vessels,NA,NA
2015,Pelagics,360,Capelin,80535087,36530476,36530,0,10227985,0.127,0003,2020-09-23,2020-09-22T20:35:00Z,2015,All Vessels,NA,NA
2015,Molluscs,612,"Scallop, Sea",2514359,1140506,1141,0,2997644,1.192,0003,2020-09-23,2020-09-22T20:35:00Z,2015,All Vessels,NA,NA
2015,Molluscs,615,Whelks,5646090,2561050,2561,0,5017691,0.889,0003,2020-09-23,2020-09-22T20:35:00Z,2015,All Vessels,NA,NA
2015,Molluscs,617,"Scallop, Iceland",555998,252199,252,0,464295,0.835,0003,2020-09-23,2020-09-22T20:35:00Z,2015,All Vessels,NA,NA
2015,Crustacean,619,Sea cucumber,5064484,2297235,2297,0,2213193,0.437,0003,2020-09-23,2020-09-22T20:35:00Z,2015,All Vessels,NA,NA
2015,Crustacean,700,Lobster,5980292,2712643,2713,0,32354300,5.41,0003,2020-09-23,2020-09-22T20:35:00Z,2015,All Vessels,NA,NA
2015,Crustacean,702,"Shrimp, Pandalus Borealis",177318170,80430994,80431,0,368650895,2.079,0003,2020-09-23,2020-09-22T20:35:00Z,2015,All Vessels,NA,NA
2015,Crustacean,705,"Crab, Queen/Snow",104281170,47301629,47302,0,257570691,2.47,0003,2020-09-23,2020-09-22T20:35:00Z,2015,All Vessels,NA,NA
2015,Crustacean,712,"Shrimp, Pandalus Montagui",10169513,4612861,4613,0,24406646,2.4,0003,2020-09-23,2020-09-22T20:35:00Z,2015,All Vessels,NA,NA
2015,Miscellaneous,959,Groundfish Heads,3145908,1426974,1427,0,9060121,2.88,0003,2020-09-23,2020-09-22T20:35:00Z,2015,All Vessels,NA,NA
2016,Groundfish,100,"Cod, Atlantic",35751669,16216851,16217,0,23944915,0.67,0004,2020-09-23,2020-09-22T20:35:00Z,2016,All Vessels,NA,NA
2016,Groundfish,110,Haddock,962660,436660,437,0,783897,0.814,0004,2020-09-23,2020-09-22T20:35:00Z,2016,All Vessels,NA,NA
2016,Groundfish,120,Redfish,7615477,3454358,3454,0,8318419,1.092,0004,2020-09-23,2020-09-22T20:35:00Z,2016,All Vessels,NA,NA
2016,Groundfish,130,Halibut,1786148,810191,810,0,7877491,4.41,0004,2020-09-23,2020-09-22T20:35:00Z,2016,All Vessels,NA,NA
2016,Groundfish,144,Turbot/Greenland halibut,22657504,10277376,10277,0,57657993,2.545,0004,2020-09-23,2020-09-22T20:35:00Z,2016,All Vessels,NA,NA
2016,Groundfish,149,Flounders,19309074,8758539,8759,0,12969124,0.672,0004,2020-09-23,2020-09-22T20:35:00Z,2016,All Vessels,NA,NA
2016,Groundfish,160,Skate,910130,412832,413,0,131531,0.145,0004,2020-09-23,2020-09-22T20:35:00Z,2016,All Vessels,NA,NA
2016,Groundfish,170,Pollock,839667,380871,381,0,345908,0.412,0004,2020-09-23,2020-09-22T20:35:00Z,2016,All Vessels,NA,NA
2016,Groundfish,171,"Hake, white",1170381,530882,531,0,564387,0.482,0004,2020-09-23,2020-09-22T20:35:00Z,2016,All Vessels,NA,NA
2016,Groundfish,177,Monkfish (Am angler),205554,93239,93,0,175593,0.854,0004,2020-09-23,2020-09-22T20:35:00Z,2016,All Vessels,NA,NA
2016,Groundfish,192,"Wolffish, Striped/ Atlantic",4550,2064,2,0,627,0.138,0004,2020-09-23,2020-09-22T20:35:00Z,2016,All Vessels,NA,NA
2016,Pelagics,200,"Herring, Atlantic",60279253,27342490,27342,0,8197863,0.136,0004,2020-09-23,2020-09-22T20:35:00Z,2016,All Vessels,NA,NA
2016,Pelagics,250,Mackerel,10213140,4632650,4633,0,2727036,0.267,0004,2020-09-23,2020-09-22T20:35:00Z,2016,All Vessels,NA,NA
2016,Pelagics,360,Capelin,80870334,36682543,36683,0,13504302,0.167,0004,2020-09-23,2020-09-22T20:35:00Z,2016,All Vessels,NA,NA
2016,Molluscs,612,"Scallop, Sea",2014316,913688,914,0,2671186,1.326,0004,2020-09-23,2020-09-22T20:35:00Z,2016,All Vessels,NA,NA
2016,Molluscs,615,Whelks,4165845,1889615,1890,0,5440079,1.306,0004,2020-09-23,2020-09-22T20:35:00Z,2016,All Vessels,NA,NA
2016,Molluscs,617,"Scallop, Iceland",1265994,574251,574,0,913033,0.721,0004,2020-09-23,2020-09-22T20:35:00Z,2016,All Vessels,NA,NA
2016,Crustacean,613,"Squid, Illex",295876,134208,134,0,207113,0.7,0004,2020-09-23,2020-09-22T20:35:00Z,2016,All Vessels,NA,NA
2016,Crustacean,619,Sea cucumber,4984177,2260808,2261,0,2471541,0.496,0004,2020-09-23,2020-09-22T20:35:00Z,2016,All Vessels,NA,NA
2016,Crustacean,700,Lobster,6267040,2842711,2843,0,36116168,5.763,0004,2020-09-23,2020-09-22T20:35:00Z,2016,All Vessels,NA,NA
2016,Crustacean,701,"Crab, spider/toad",328040,148798,149,0,137736,0.42,0004,2020-09-23,2020-09-22T20:35:00Z,2016,All Vessels,NA,NA
2016,Crustacean,702,"Shrimp, Pandalus Borealis",126238530,57261422,57261,0,253528198,2.008,0004,2020-09-23,2020-09-22T20:35:00Z,2016,All Vessels,NA,NA
2016,Crustacean,705,"Crab, Queen/Snow",92032325,41745589,41746,0,274012559,2.977,0004,2020-09-23,2020-09-22T20:35:00Z,2016,All Vessels,NA,NA
2016,Crustacean,712,"Shrimp, Pandalus Montagui",10261271,4654482,4654,0,26063703,2.54,0004,2020-09-23,2020-09-22T20:35:00Z,2016,All Vessels,NA,NA
2016,Marine Mammals,805,"Seal skin, harp, unspecified (no.)",0,0,0,9413,245502,26.081,0004,2020-09-23,2020-09-22T20:35:00Z,2016,All Vessels,NA,NA
2016,Miscellaneous,928,"Roe, lumpfish",42623,19334,19,0,49151,1.153,0004,2020-09-23,2020-09-22T20:35:00Z,2016,All Vessels,NA,NA
2016,Miscellaneous,959,Groundfish Heads,3196491,1449919,1450,0,8886160,2.78,0004,2020-09-23,2020-09-22T20:35:00Z,2016,All Vessels,NA,NA
2017,Groundfish,100,"Cod, Atlantic",45736482,20745932,20746,0,31068441,0.679,0005,2020-09-23,2020-09-22T20:35:00Z,2017,All Vessels,NA,NA
2017,Groundfish,110,Haddock,1221885,554244,554,0,957010,0.783,0005,2020-09-23,2020-09-22T20:35:00Z,2017,All Vessels,NA,NA
2017,Groundfish,120,Redfish,11654191,5286306,5286,0,10959343,0.94,0005,2020-09-23,2020-09-22T20:35:00Z,2017,All Vessels,NA,NA
2017,Groundfish,130,Halibut,1808867,820497,820,0,8152219,4.507,0005,2020-09-23,2020-09-22T20:35:00Z,2017,All Vessels,NA,NA
2017,Groundfish,144,Turbot/Greenland halibut,21585238,9791000,9791,0,52951182,2.453,0005,2020-09-23,2020-09-22T20:35:00Z,2017,All Vessels,NA,NA
2017,Groundfish,149,Flounders,17907117,8122615,8123,0,11622931,0.649,0005,2020-09-23,2020-09-22T20:35:00Z,2017,All Vessels,NA,NA
2017,Groundfish,160,Skate,928963,421375,421,0,100300,0.108,0005,2020-09-23,2020-09-22T20:35:00Z,2017,All Vessels,NA,NA
2017,Groundfish,170,Pollock,1195914,542463,542,0,446214,0.373,0005,2020-09-23,2020-09-22T20:35:00Z,2017,All Vessels,NA,NA
2017,Groundfish,171,"Hake, white",692314,314032,314,0,315964,0.456,0005,2020-09-23,2020-09-22T20:35:00Z,2017,All Vessels,NA,NA
2017,Groundfish,177,Monkfish (Am angler),94040,42656,43,0,73401,0.781,0005,2020-09-23,2020-09-22T20:35:00Z,2017,All Vessels,NA,NA
2017,Pelagics,200,"Herring, Atlantic",46965373,21303354,21303,0,7608689,0.162,0005,2020-09-23,2020-09-22T20:35:00Z,2017,All Vessels,NA,NA
2017,Pelagics,250,Mackerel,5849491,2653312,2653,0,1748615,0.299,0005,2020-09-23,2020-09-22T20:35:00Z,2017,All Vessels,NA,NA
2017,Pelagics,254,"Tuna, bluefin",65286,29613,30,87,245117,3.755,0005,2020-09-23,2020-09-22T20:35:00Z,2017,All Vessels,NA,NA
2017,Pelagics,360,Capelin,48196066,21861592,21862,0,6939339,0.144,0005,2020-09-23,2020-09-22T20:35:00Z,2017,All Vessels,NA,NA
2017,Molluscs,612,"Scallop, Sea",1912229,867382,867,0,2278751,1.192,0005,2020-09-23,2020-09-22T20:35:00Z,2017,All Vessels,NA,NA
2017,Molluscs,615,Whelks,1982612,899307,899,0,1897212,0.957,0005,2020-09-23,2020-09-22T20:35:00Z,2017,All Vessels,NA,NA
2017,Molluscs,617,"Scallop, Iceland",1422566,645272,645,0,1192496,0.838,0005,2020-09-23,2020-09-22T20:35:00Z,2017,All Vessels,NA,NA
2017,Crustacean,613,"Squid, Illex",690193,313069,313,0,517395,0.75,0005,2020-09-23,2020-09-22T20:35:00Z,2017,All Vessels,NA,NA
2017,Crustacean,619,Sea cucumber,8171669,3706645,3707,0,4069491,0.498,0005,2020-09-23,2020-09-22T20:35:00Z,2017,All Vessels,NA,NA
2017,Crustacean,700,Lobster,6351332,2880945,2881,0,44139911,6.95,0005,2020-09-23,2020-09-22T20:35:00Z,2017,All Vessels,NA,NA
2017,Crustacean,702,"Shrimp, Pandalus Borealis",96100034,43590689,43591,0,196863682,2.049,0005,2020-09-23,2020-09-22T20:35:00Z,2017,All Vessels,NA,NA
2017,Crustacean,705,"Crab, Queen/Snow",74085743,33605073,33605,0,325259807,4.39,0005,2020-09-23,2020-09-22T20:35:00Z,2017,All Vessels,NA,NA
2017,Crustacean,712,"Shrimp, Pandalus Montagui",9105454,4130207,4130,0,23127920,2.54,0005,2020-09-23,2020-09-22T20:35:00Z,2017,All Vessels,NA,NA
2017,Miscellaneous,928,"Roe, lumpfish",15596,7074,7,0,17813,1.142,0005,2020-09-23,2020-09-22T20:35:00Z,2017,All Vessels,NA,NA
2017,Miscellaneous,959,Groundfish Heads,3476213,1576800,1577,0,6295445,1.811,0005,2020-09-23,2020-09-22T20:35:00Z,2017,All Vessels,NA,NA
2018,Groundfish,100,"Cod, Atlantic",35913700,16290347,16290,0,23352881,0.65,0006,2020-09-23,2020-09-22T20:35:00Z,2018,All Vessels,NA,NA
2018,Groundfish,110,Haddock,527944,239474,239,0,439934,0.833,0006,2020-09-23,2020-09-22T20:35:00Z,2018,All Vessels,NA,NA
2018,Groundfish,120,Redfish,13193998,5984758,5985,0,11773985,0.892,0006,2020-09-23,2020-09-22T20:35:00Z,2018,All Vessels,NA,NA
2018,Groundfish,130,Halibut,1808852,820490,820,0,7633451,4.22,0006,2020-09-23,2020-09-22T20:35:00Z,2018,All Vessels,NA,NA
2018,Groundfish,144,Turbot/Greenland halibut,23054093,10457268,10457,0,56871303,2.467,0006,2020-09-23,2020-09-22T20:35:00Z,2018,All Vessels,NA,NA
2018,Groundfish,149,Flounders,18976182,8607539,8608,0,12610986,0.665,0006,2020-09-23,2020-09-22T20:35:00Z,2018,All Vessels,NA,NA
2018,Groundfish,160,Skate,2027333,919592,920,0,219795,0.108,0006,2020-09-23,2020-09-22T20:35:00Z,2018,All Vessels,NA,NA
2018,Groundfish,170,Pollock,778612,353176,353,0,234619,0.301,0006,2020-09-23,2020-09-22T20:35:00Z,2018,All Vessels,NA,NA
2018,Groundfish,171,"Hake, white",773058,350657,351,0,339195,0.439,0006,2020-09-23,2020-09-22T20:35:00Z,2018,All Vessels,NA,NA
2018,Groundfish,177,Monkfish (Am angler),57562,26110,26,0,46288,0.804,0006,2020-09-23,2020-09-22T20:35:00Z,2018,All Vessels,NA,NA
2018,Pelagics,200,"Herring, Atlantic",31233043,14167215,14167,0,4788025,0.153,0006,2020-09-23,2020-09-22T20:35:00Z,2018,All Vessels,NA,NA
2018,Pelagics,250,Mackerel,12401471,5625270,5625,0,3672076,0.296,0006,2020-09-23,2020-09-22T20:35:00Z,2018,All Vessels,NA,NA
2018,Pelagics,254,"Tuna, bluefin",50592,22948,23,68,200782,3.969,0006,2020-09-23,2020-09-22T20:35:00Z,2018,All Vessels,NA,NA
2018,Pelagics,360,Capelin,61681357,27978480,27978,0,10474849,0.17,0006,2020-09-23,2020-09-22T20:35:00Z,2018,All Vessels,NA,NA
2018,Molluscs,612,"Scallop, Sea",1015734,460734,461,0,1062709,1.046,0006,2020-09-23,2020-09-22T20:35:00Z,2018,All Vessels,NA,NA
2018,Molluscs,615,Whelks,937610,425297,425,0,1155841,1.233,0006,2020-09-23,2020-09-22T20:35:00Z,2018,All Vessels,NA,NA
2018,Molluscs,617,"Scallop, Iceland",441910,200449,200,0,423062,0.957,0006,2020-09-23,2020-09-22T20:35:00Z,2018,All Vessels,NA,NA
2018,Crustacean,613,"Squid, Illex",2656945,1205182,1205,0,2348390,0.884,0006,2020-09-23,2020-09-22T20:35:00Z,2018,All Vessels,NA,NA
2018,Crustacean,619,Sea cucumber,12234971,5549746,5550,0,7430298,0.607,0006,2020-09-23,2020-09-22T20:35:00Z,2018,All Vessels,NA,NA
2018,Crustacean,700,Lobster,7484587,3394986,3395,0,49006820,6.548,0006,2020-09-23,2020-09-22T20:35:00Z,2018,All Vessels,NA,NA
2018,Crustacean,701,"Crab, spider/toad",933562,423461,423,0,466704,0.5,0006,2020-09-23,2020-09-22T20:35:00Z,2018,All Vessels,NA,NA
2018,Crustacean,702,"Shrimp, Pandalus Borealis",99161833,44979513,44980,0,220262751,2.221,0006,2020-09-23,2020-09-22T20:35:00Z,2018,All Vessels,NA,NA
2018,Crustacean,705,"Crab, Queen/Snow",61903634,28079304,28079,0,298303551,4.819,0006,2020-09-23,2020-09-22T20:35:00Z,2018,All Vessels,NA,NA
2018,Miscellaneous,928,"Roe, lumpfish",47322,21465,21,0,57186,1.208,0006,2020-09-23,2020-09-22T20:35:00Z,2018,All Vessels,NA,NA
2018,Miscellaneous,959,Groundfish Heads,3225242,1462960,1463,0,4094444,1.27,0006,2020-09-23,2020-09-22T20:35:00Z,2018,All Vessels,NA,NA
2019,Groundfish,100,"Cod, Atlantic",31855811,14449701,14450,0,23501148,0.738,0007,2020-09-23,2020-09-22T20:35:00Z,2019,All Vessels,NA,NA
2019,Groundfish,110,Haddock,535094,242717,243,0,430151,0.804,0007,2020-09-23,2020-09-22T20:35:00Z,2019,All Vessels,NA,NA
2019,Groundfish,120,Redfish,12952077,5875024,5875,0,10538054,0.814,0007,2020-09-23,2020-09-22T20:35:00Z,2019,All Vessels,NA,NA
2019,Groundfish,130,Halibut,2183820,990574,991,0,9452291,4.328,0007,2020-09-23,2020-09-22T20:35:00Z,2019,All Vessels,NA,NA
2019,Groundfish,144,Turbot/Greenland halibut,22920175,10396523,10397,0,59373245,2.59,0007,2020-09-23,2020-09-22T20:35:00Z,2019,All Vessels,NA,NA
2019,Groundfish,149,Flounders,28002058,12701650,12702,0,18541087,0.662,0007,2020-09-23,2020-09-22T20:35:00Z,2019,All Vessels,NA,NA
2019,Groundfish,160,Skate,1990981,903103,903,0,216494,0.109,0007,2020-09-23,2020-09-22T20:35:00Z,2019,All Vessels,NA,NA
2019,Groundfish,170,Pollock,267869,121505,122,0,73786,0.275,0007,2020-09-23,2020-09-22T20:35:00Z,2019,All Vessels,NA,NA
2019,Groundfish,171,"Hake, white",523437,237429,237,0,250745,0.479,0007,2020-09-23,2020-09-22T20:35:00Z,2019,All Vessels,NA,NA
2019,Groundfish,177,Monkfish (Am angler),97112,44050,44,0,83233,0.857,0007,2020-09-23,2020-09-22T20:35:00Z,2019,All Vessels,NA,NA
2019,Pelagics,200,"Herring, Atlantic",48848246,22157419,22157,0,10502358,0.215,0007,2020-09-23,2020-09-22T20:35:00Z,2019,All Vessels,NA,NA
2019,Pelagics,250,Mackerel,10612509,4813803,4814,0,2536390,0.239,0007,2020-09-23,2020-09-22T20:35:00Z,2019,All Vessels,NA,NA
2019,Pelagics,254,"Tuna, bluefin",63621,28858,29,81,223030,3.506,0007,2020-09-23,2020-09-22T20:35:00Z,2019,All Vessels,NA,NA
2019,Pelagics,360,Capelin,61734563,28002614,28003,0,16550669,0.268,0007,2020-09-23,2020-09-22T20:35:00Z,2019,All Vessels,NA,NA
2019,Molluscs,612,"Scallop, Sea",2048021,928976,929,0,2010193,0.982,0007,2020-09-23,2020-09-22T20:35:00Z,2019,All Vessels,NA,NA
2019,Molluscs,615,Whelks,1025870,465332,465,0,1342700,1.309,0007,2020-09-23,2020-09-22T20:35:00Z,2019,All Vessels,NA,NA
2019,Molluscs,617,"Scallop, Iceland",242768,110119,110,0,211970,0.873,0007,2020-09-23,2020-09-22T20:35:00Z,2019,All Vessels,NA,NA
2019,Crustacean,613,"Squid, Illex",5837424,2647838,2648,0,5106042,0.875,0007,2020-09-23,2020-09-22T20:35:00Z,2019,All Vessels,NA,NA
2019,Crustacean,619,Sea cucumber,14591666,6618736,6619,0,10287125,0.705,0007,2020-09-23,2020-09-22T20:35:00Z,2019,All Vessels,NA,NA
2019,Crustacean,700,Lobster,10167248,4611833,4612,0,64452648,6.339,0007,2020-09-23,2020-09-22T20:35:00Z,2019,All Vessels,NA,NA
2019,Crustacean,701,"Crab, spider/toad",566097,256780,257,0,283049,0.5,0007,2020-09-23,2020-09-22T20:35:00Z,2019,All Vessels,NA,NA
2019,Crustacean,702,"Shrimp, Pandalus Borealis",83673569,37954082,37954,0,171178579,2.046,0007,2020-09-23,2020-09-22T20:35:00Z,2019,All Vessels,NA,NA
2019,Crustacean,705,"Crab, Queen/Snow",59294359,26895745,26896,0,308683850,5.206,0007,2020-09-23,2020-09-22T20:35:00Z,2019,All Vessels,NA,NA
2019,Miscellaneous,928,"Roe, lumpfish",123447,55995,56,0,556746,4.51,0007,2020-09-23,2020-09-22T20:35:00Z,2019,All Vessels,NA,NA
2019,Miscellaneous,959,Groundfish Heads,2841186,1288754,1289,0,2624674,0.924,0007,2020-09-23,2020-09-22T20:35:00Z,2019,All Vessels,NA,NA
2020,Groundfish,100,"Cod, Atlantic",21204469,9618284,9618,0,13324448,0.628,0008,2020-09-23,2020-09-22T20:35:00Z,2020,All Vessels,NA,NA
2020,Groundfish,110,Haddock,171180,77647,78,0,153824,0.899,0008,2020-09-23,2020-09-22T20:35:00Z,2020,All Vessels,NA,NA
2020,Groundfish,120,Redfish,6223103,2822781,2823,0,5181578,0.833,0008,2020-09-23,2020-09-22T20:35:00Z,2020,All Vessels,NA,NA
2020,Groundfish,130,Halibut,1629249,739022,739,0,7232367,4.439,0008,2020-09-23,2020-09-22T20:35:00Z,2020,All Vessels,NA,NA
2020,Groundfish,144,Turbot/Greenland halibut,20468196,9284313,9284,0,50388125,2.462,0008,2020-09-23,2020-09-22T20:35:00Z,2020,All Vessels,NA,NA
2020,Groundfish,149,Flounders,17177938,7791861,7792,0,10520788,0.612,0008,2020-09-23,2020-09-22T20:35:00Z,2020,All Vessels,NA,NA
2020,Groundfish,160,Skate,1101627,499695,500,0,118359,0.107,0008,2020-09-23,2020-09-22T20:35:00Z,2020,All Vessels,NA,NA
2020,Groundfish,170,Pollock,148249,67245,67,0,29160,0.197,0008,2020-09-23,2020-09-22T20:35:00Z,2020,All Vessels,NA,NA
2020,Groundfish,171,"Hake, white",215269,97645,98,0,109409,0.508,0008,2020-09-23,2020-09-22T20:35:00Z,2020,All Vessels,NA,NA
2020,Groundfish,177,Monkfish (Am angler),56501,25629,26,0,39877,0.706,0008,2020-09-23,2020-09-22T20:35:00Z,2020,All Vessels,NA,NA
2020,Pelagics,200,"Herring, Atlantic",6321462,2867396,2867,0,948219,0.15,0008,2020-09-23,2020-09-22T20:35:00Z,2020,All Vessels,NA,NA
2020,Pelagics,250,Mackerel,1261608,572262,572,0,277554,0.22,0008,2020-09-23,2020-09-22T20:35:00Z,2020,All Vessels,NA,NA
2020,Pelagics,360,Capelin,53005402,24043093,24043,0,22262269,0.42,0008,2020-09-23,2020-09-22T20:35:00Z,2020,All Vessels,NA,NA
2020,Crustacean,619,Sea cucumber,13327887,6045490,6045,0,9396160,0.705,0008,2020-09-23,2020-09-22T20:35:00Z,2020,All Vessels,NA,NA
2020,Crustacean,700,Lobster,9840559,4463648,4464,0,42569149,4.326,0008,2020-09-23,2020-09-22T20:35:00Z,2020,All Vessels,NA,NA
2020,Crustacean,702,"Shrimp, Pandalus Borealis",51907482,23545080,23545,0,98657789,1.901,0008,2020-09-23,2020-09-22T20:35:00Z,2020,All Vessels,NA,NA
2020,Crustacean,705,"Crab, Queen/Snow",65206505,29577477,29577,0,224806780,3.448,0008,2020-09-23,2020-09-22T20:35:00Z,2020,All Vessels,NA,NA
2020,Crustacean,712,"Shrimp, Pandalus Montagui",5600566,2540400,2540,0,12702000,2.268,0008,2020-09-23,2020-09-22T20:35:00Z,2020,All Vessels,NA,NA
2020,Miscellaneous,959,Groundfish Heads,3815606,1730747,1731,0,3097583,0.812,0008,2020-09-23,2020-09-22T20:35:00Z,2020,All Vessels,NA,NA
2013,Groundfish,100,"Cod, Atlantic",13600393,6169098,6169,0,5965085,0.439,0009,2020-09-23,2020-09-22T20:35:00Z,2013,Inshore: Vessels 0-34 ft. 11 in. (0-10.6m),0-10.6m,Inshore
2013,Groundfish,110,Haddock,4795,2175,2,0,1534,0.32,0009,2020-09-23,2020-09-22T20:35:00Z,2013,Inshore: Vessels 0-34 ft. 11 in. (0-10.6m),0-10.6m,Inshore
2013,Groundfish,120,Redfish,85650,38850,39,0,26565,0.31,0009,2020-09-23,2020-09-22T20:35:00Z,2013,Inshore: Vessels 0-34 ft. 11 in. (0-10.6m),0-10.6m,Inshore
2013,Groundfish,130,Halibut,585472,265568,266,0,2290814,3.913,0009,2020-09-23,2020-09-22T20:35:00Z,2013,Inshore: Vessels 0-34 ft. 11 in. (0-10.6m),0-10.6m,Inshore
2013,Groundfish,144,Turbot/Greenland halibut,308798,140070,140,0,410867,1.331,0009,2020-09-23,2020-09-22T20:35:00Z,2013,Inshore: Vessels 0-34 ft. 11 in. (0-10.6m),0-10.6m,Inshore
2013,Groundfish,149,Flounders,339032,153784,154,0,82722,0.244,0009,2020-09-23,2020-09-22T20:35:00Z,2013,Inshore: Vessels 0-34 ft. 11 in. (0-10.6m),0-10.6m,Inshore
2013,Groundfish,160,Skate,80272,36411,36,0,10397,0.13,0009,2020-09-23,2020-09-22T20:35:00Z,2013,Inshore: Vessels 0-34 ft. 11 in. (0-10.6m),0-10.6m,Inshore
2013,Groundfish,170,Pollock,144461,65527,66,0,40793,0.282,0009,2020-09-23,2020-09-22T20:35:00Z,2013,Inshore: Vessels 0-34 ft. 11 in. (0-10.6m),0-10.6m,Inshore
2013,Groundfish,171,"Hake, white",288715,130960,131,0,108377,0.375,0009,2020-09-23,2020-09-22T20:35:00Z,2013,Inshore: Vessels 0-34 ft. 11 in. (0-10.6m),0-10.6m,Inshore
2013,Groundfish,177,Monkfish (Am angler),1082,491,0,0,682,0.63,0009,2020-09-23,2020-09-22T20:35:00Z,2013,Inshore: Vessels 0-34 ft. 11 in. (0-10.6m),0-10.6m,Inshore
2013,Groundfish,192,"Wolffish, Striped/ Atlantic",12075,5477,5,0,2439,0.202,0009,2020-09-23,2020-09-22T20:35:00Z,2013,Inshore: Vessels 0-34 ft. 11 in. (0-10.6m),0-10.6m,Inshore
2013,Pelagics,200,"Herring, Atlantic",6834771,3100232,3100,0,855040,0.125,0009,2020-09-23,2020-09-22T20:35:00Z,2013,Inshore: Vessels 0-34 ft. 11 in. (0-10.6m),0-10.6m,Inshore
2013,Pelagics,250,Mackerel,108582,49252,49,0,25887,0.238,0009,2020-09-23,2020-09-22T20:35:00Z,2013,Inshore: Vessels 0-34 ft. 11 in. (0-10.6m),0-10.6m,Inshore
2013,Pelagics,352,Eels,76514,34707,35,0,180360,2.357,0009,2020-09-23,2020-09-22T20:35:00Z,2013,Inshore: Vessels 0-34 ft. 11 in. (0-10.6m),0-10.6m,Inshore
2013,Pelagics,360,Capelin,21893110,9930650,9931,0,1991144,0.091,0009,2020-09-23,2020-09-22T20:35:00Z,2013,Inshore: Vessels 0-34 ft. 11 in. (0-10.6m),0-10.6m,Inshore
2013,Molluscs,612,"Scallop, Sea",50937,23105,23,0,51308,1.007,0009,2020-09-23,2020-09-22T20:35:00Z,2013,Inshore: Vessels 0-34 ft. 11 in. (0-10.6m),0-10.6m,Inshore
2013,Molluscs,615,Whelks,1372984,622781,623,0,803295,0.585,0009,2020-09-23,2020-09-22T20:35:00Z,2013,Inshore: Vessels 0-34 ft. 11 in. (0-10.6m),0-10.6m,Inshore
2013,Molluscs,617,"Scallop, Iceland",392950,178241,178,0,349187,0.889,0009,2020-09-23,2020-09-22T20:35:00Z,2013,Inshore: Vessels 0-34 ft. 11 in. (0-10.6m),0-10.6m,Inshore
2013,Crustacean,700,Lobster,4763589,2160750,2161,0,17207099,3.612,0009,2020-09-23,2020-09-22T20:35:00Z,2013,Inshore: Vessels 0-34 ft. 11 in. (0-10.6m),0-10.6m,Inshore
2013,Crustacean,705,"Crab, Queen/Snow",21575880,9786755,9787,0,42416308,1.966,0009,2020-09-23,2020-09-22T20:35:00Z,2013,Inshore: Vessels 0-34 ft. 11 in. (0-10.6m),0-10.6m,Inshore
2014,Groundfish,100,"Cod, Atlantic",14323403,6497053,6497,0,8158249,0.57,0010,2020-09-23,2020-09-22T20:35:00Z,2014,Inshore: Vessels 0-34 ft. 11 in. (0-10.6m),0-10.6m,Inshore
2014,Groundfish,110,Haddock,13271,6020,6,0,4745,0.358,0010,2020-09-23,2020-09-22T20:35:00Z,2014,Inshore: Vessels 0-34 ft. 11 in. (0-10.6m),0-10.6m,Inshore
2014,Groundfish,120,Redfish,34049,15444,15,0,11599,0.341,0010,2020-09-23,2020-09-22T20:35:00Z,2014,Inshore: Vessels 0-34 ft. 11 in. (0-10.6m),0-10.6m,Inshore
2014,Groundfish,130,Halibut,716471,324989,325,0,2939955,4.103,0010,2020-09-23,2020-09-22T20:35:00Z,2014,Inshore: Vessels 0-34 ft. 11 in. (0-10.6m),0-10.6m,Inshore
2014,Groundfish,144,Turbot/Greenland halibut,306065,138830,139,0,405218,1.324,0010,2020-09-23,2020-09-22T20:35:00Z,2014,Inshore: Vessels 0-34 ft. 11 in. (0-10.6m),0-10.6m,Inshore
2014,Groundfish,149,Flounders,363744,164993,165,0,109822,0.302,0010,2020-09-23,2020-09-22T20:35:00Z,2014,Inshore: Vessels 0-34 ft. 11 in. (0-10.6m),0-10.6m,Inshore
2014,Groundfish,160,Skate,60585,27481,27,0,8308,0.137,0010,2020-09-23,2020-09-22T20:35:00Z,2014,Inshore: Vessels 0-34 ft. 11 in. (0-10.6m),0-10.6m,Inshore
2014,Groundfish,170,Pollock,21939,9952,10,0,7130,0.325,0010,2020-09-23,2020-09-22T20:35:00Z,2014,Inshore: Vessels 0-34 ft. 11 in. (0-10.6m),0-10.6m,Inshore
2014,Groundfish,171,"Hake, white",76167,34549,35,0,31808,0.418,0010,2020-09-23,2020-09-22T20:35:00Z,2014,Inshore: Vessels 0-34 ft. 11 in. (0-10.6m),0-10.6m,Inshore
2014,Groundfish,177,Monkfish (Am angler),1269,576,1,0,809,0.637,0010,2020-09-23,2020-09-22T20:35:00Z,2014,Inshore: Vessels 0-34 ft. 11 in. (0-10.6m),0-10.6m,Inshore
2014,Groundfish,192,"Wolffish, Striped/ Atlantic",6935,3146,3,0,1388,0.2,0010,2020-09-23,2020-09-22T20:35:00Z,2014,Inshore: Vessels 0-34 ft. 11 in. (0-10.6m),0-10.6m,Inshore
2014,Pelagics,200,"Herring, Atlantic",4560050,2068425,2068,0,456005,0.1,0010,2020-09-23,2020-09-22T20:35:00Z,2014,Inshore: Vessels 0-34 ft. 11 in. (0-10.6m),0-10.6m,Inshore
2014,Pelagics,250,Mackerel,327595,148596,149,0,80916,0.247,0010,2020-09-23,2020-09-22T20:35:00Z,2014,Inshore: Vessels 0-34 ft. 11 in. (0-10.6m),0-10.6m,Inshore
2014,Pelagics,360,Capelin,20954061,9504700,9505,0,3017385,0.144,0010,2020-09-23,2020-09-22T20:35:00Z,2014,Inshore: Vessels 0-34 ft. 11 in. (0-10.6m),0-10.6m,Inshore
2014,Molluscs,612,"Scallop, Sea",74542,33812,34,0,84904,1.139,0010,2020-09-23,2020-09-22T20:35:00Z,2014,Inshore: Vessels 0-34 ft. 11 in. (0-10.6m),0-10.6m,Inshore
2014,Molluscs,615,Whelks,583885,264848,265,0,400971,0.687,0010,2020-09-23,2020-09-22T20:35:00Z,2014,Inshore: Vessels 0-34 ft. 11 in. (0-10.6m),0-10.6m,Inshore
2014,Molluscs,617,"Scallop, Iceland",300831,136456,136,0,263568,0.876,0010,2020-09-23,2020-09-22T20:35:00Z,2014,Inshore: Vessels 0-34 ft. 11 in. (0-10.6m),0-10.6m,Inshore
2014,Crustacean,700,Lobster,4621939,2096498,2096,0,18114152,3.919,0010,2020-09-23,2020-09-22T20:35:00Z,2014,Inshore: Vessels 0-34 ft. 11 in. (0-10.6m),0-10.6m,Inshore
2014,Crustacean,704,"Crab, rock",158089,71709,72,0,63236,0.4,0010,2020-09-23,2020-09-22T20:35:00Z,2014,Inshore: Vessels 0-34 ft. 11 in. (0-10.6m),0-10.6m,Inshore
2014,Crustacean,705,"Crab, Queen/Snow",20980065,9516495,9516,0,49093797,2.34,0010,2020-09-23,2020-09-22T20:35:00Z,2014,Inshore: Vessels 0-34 ft. 11 in. (0-10.6m),0-10.6m,Inshore
2015,Groundfish,100,"Cod, Atlantic",13187056,5981609,5982,0,7007566,0.531,0011,2020-09-23,2020-09-22T20:35:00Z,2015,Inshore: Vessels 0-34 ft. 11 in. (0-10.6m),0-10.6m,Inshore
2015,Groundfish,110,Haddock,25860,11730,12,0,10305,0.399,0011,2020-09-23,2020-09-22T20:35:00Z,2015,Inshore: Vessels 0-34 ft. 11 in. (0-10.6m),0-10.6m,Inshore
2015,Groundfish,120,Redfish,56906,25812,26,0,17173,0.302,0011,2020-09-23,2020-09-22T20:35:00Z,2015,Inshore: Vessels 0-34 ft. 11 in. (0-10.6m),0-10.6m,Inshore
2015,Groundfish,130,Halibut,719213,326233,326,0,3472706,4.828,0011,2020-09-23,2020-09-22T20:35:00Z,2015,Inshore: Vessels 0-34 ft. 11 in. (0-10.6m),0-10.6m,Inshore
2015,Groundfish,144,Turbot/Greenland halibut,377080,171042,171,0,643635,1.707,0011,2020-09-23,2020-09-22T20:35:00Z,2015,Inshore: Vessels 0-34 ft. 11 in. (0-10.6m),0-10.6m,Inshore
2015,Groundfish,149,Flounders,296054,134289,134,0,81083,0.274,0011,2020-09-23,2020-09-22T20:35:00Z,2015,Inshore: Vessels 0-34 ft. 11 in. (0-10.6m),0-10.6m,Inshore
2015,Groundfish,160,Skate,56148,25469,25,0,8210,0.146,0011,2020-09-23,2020-09-22T20:35:00Z,2015,Inshore: Vessels 0-34 ft. 11 in. (0-10.6m),0-10.6m,Inshore
2015,Groundfish,170,Pollock,18351,8324,8,0,7967,0.434,0011,2020-09-23,2020-09-22T20:35:00Z,2015,Inshore: Vessels 0-34 ft. 11 in. (0-10.6m),0-10.6m,Inshore
2015,Groundfish,171,"Hake, white",89292,40503,41,0,44646,0.5,0011,2020-09-23,2020-09-22T20:35:00Z,2015,Inshore: Vessels 0-34 ft. 11 in. (0-10.6m),0-10.6m,Inshore
2015,Groundfish,192,"Wolffish, Striped/ Atlantic",4288,1945,2,0,820,0.191,0011,2020-09-23,2020-09-22T20:35:00Z,2015,Inshore: Vessels 0-34 ft. 11 in. (0-10.6m),0-10.6m,Inshore
2015,Pelagics,200,"Herring, Atlantic",5153678,2337693,2338,0,582366,0.113,0011,2020-09-23,2020-09-22T20:35:00Z,2015,Inshore: Vessels 0-34 ft. 11 in. (0-10.6m),0-10.6m,Inshore
2015,Pelagics,360,Capelin,21528066,9765067,9765,0,2734064,0.127,0011,2020-09-23,2020-09-22T20:35:00Z,2015,Inshore: Vessels 0-34 ft. 11 in. (0-10.6m),0-10.6m,Inshore
2015,Molluscs,612,"Scallop, Sea",63694,28891,29,0,73633,1.156,0011,2020-09-23,2020-09-22T20:35:00Z,2015,Inshore: Vessels 0-34 ft. 11 in. (0-10.6m),0-10.6m,Inshore
2015,Molluscs,615,Whelks,538059,244062,244,0,393916,0.732,0011,2020-09-23,2020-09-22T20:35:00Z,2015,Inshore: Vessels 0-34 ft. 11 in. (0-10.6m),0-10.6m,Inshore
2015,Molluscs,617,"Scallop, Iceland",159500,72349,72,0,136989,0.859,0011,2020-09-23,2020-09-22T20:35:00Z,2015,Inshore: Vessels 0-34 ft. 11 in. (0-10.6m),0-10.6m,Inshore
2015,Crustacean,700,Lobster,5870064,2662644,2663,0,31719493,5.404,0011,2020-09-23,2020-09-22T20:35:00Z,2015,Inshore: Vessels 0-34 ft. 11 in. (0-10.6m),0-10.6m,Inshore
2015,Crustacean,705,"Crab, Queen/Snow",18664727,8466265,8466,0,46100307,2.47,0011,2020-09-23,2020-09-22T20:35:00Z,2015,Inshore: Vessels 0-34 ft. 11 in. (0-10.6m),0-10.6m,Inshore
2016,Groundfish,100,"Cod, Atlantic",23438948,10631837,10632,0,13775687,0.588,0012,2020-09-23,2020-09-22T20:35:00Z,2016,Inshore: Vessels 0-34 ft. 11 in. (0-10.6m),0-10.6m,Inshore
2016,Groundfish,110,Haddock,8408,3814,4,0,3373,0.401,0012,2020-09-23,2020-09-22T20:35:00Z,2016,Inshore: Vessels 0-34 ft. 11 in. (0-10.6m),0-10.6m,Inshore
2016,Groundfish,120,Redfish,57725,26184,26,0,17457,0.302,0012,2020-09-23,2020-09-22T20:35:00Z,2016,Inshore: Vessels 0-34 ft. 11 in. (0-10.6m),0-10.6m,Inshore
2016,Groundfish,130,Halibut,732164,332107,332,0,3678707,5.024,0012,2020-09-23,2020-09-22T20:35:00Z,2016,Inshore: Vessels 0-34 ft. 11 in. (0-10.6m),0-10.6m,Inshore
2016,Groundfish,144,Turbot/Greenland halibut,364688,165421,165,0,626687,1.718,0012,2020-09-23,2020-09-22T20:35:00Z,2016,Inshore: Vessels 0-34 ft. 11 in. (0-10.6m),0-10.6m,Inshore
2016,Groundfish,149,Flounders,343450,155788,156,0,102445,0.298,0012,2020-09-23,2020-09-22T20:35:00Z,2016,Inshore: Vessels 0-34 ft. 11 in. (0-10.6m),0-10.6m,Inshore
2016,Groundfish,160,Skate,74212,33662,34,0,12211,0.165,0012,2020-09-23,2020-09-22T20:35:00Z,2016,Inshore: Vessels 0-34 ft. 11 in. (0-10.6m),0-10.6m,Inshore
2016,Groundfish,170,Pollock,39786,18047,18,0,17032,0.428,0012,2020-09-23,2020-09-22T20:35:00Z,2016,Inshore: Vessels 0-34 ft. 11 in. (0-10.6m),0-10.6m,Inshore
2016,Groundfish,171,"Hake, white",347026,157410,157,0,156535,0.451,0012,2020-09-23,2020-09-22T20:35:00Z,2016,Inshore: Vessels 0-34 ft. 11 in. (0-10.6m),0-10.6m,Inshore
2016,Groundfish,192,"Wolffish, Striped/ Atlantic",3990,1810,2,0,530,0.133,0012,2020-09-23,2020-09-22T20:35:00Z,2016,Inshore: Vessels 0-34 ft. 11 in. (0-10.6m),0-10.6m,Inshore
2016,Pelagics,200,"Herring, Atlantic",5958541,2702776,2703,0,810402,0.136,0012,2020-09-23,2020-09-22T20:35:00Z,2016,Inshore: Vessels 0-34 ft. 11 in. (0-10.6m),0-10.6m,Inshore
2016,Pelagics,250,Mackerel,859466,389851,390,0,229605,0.267,0012,2020-09-23,2020-09-22T20:35:00Z,2016,Inshore: Vessels 0-34 ft. 11 in. (0-10.6m),0-10.6m,Inshore
2016,Pelagics,360,Capelin,20266172,9192675,9193,0,3384031,0.167,0012,2020-09-23,2020-09-22T20:35:00Z,2016,Inshore: Vessels 0-34 ft. 11 in. (0-10.6m),0-10.6m,Inshore
2016,Molluscs,615,Whelks,571499,259230,259,0,494567,0.865,0012,2020-09-23,2020-09-22T20:35:00Z,2016,Inshore: Vessels 0-34 ft. 11 in. (0-10.6m),0-10.6m,Inshore
2016,Molluscs,617,"Scallop, Iceland",192878,87489,87,0,171006,0.887,0012,2020-09-23,2020-09-22T20:35:00Z,2016,Inshore: Vessels 0-34 ft. 11 in. (0-10.6m),0-10.6m,Inshore
2016,Crustacean,613,"Squid, Illex",286944,130157,130,0,200861,0.7,0012,2020-09-23,2020-09-22T20:35:00Z,2016,Inshore: Vessels 0-34 ft. 11 in. (0-10.6m),0-10.6m,Inshore
2016,Crustacean,700,Lobster,6124861,2778219,2778,0,35285794,5.761,0012,2020-09-23,2020-09-22T20:35:00Z,2016,Inshore: Vessels 0-34 ft. 11 in. (0-10.6m),0-10.6m,Inshore
2016,Crustacean,701,"Crab, spider/toad",270452,122676,123,0,114700,0.424,0012,2020-09-23,2020-09-22T20:35:00Z,2016,Inshore: Vessels 0-34 ft. 11 in. (0-10.6m),0-10.6m,Inshore
2016,Crustacean,705,"Crab, Queen/Snow",15355564,6965238,6965,0,45684149,2.975,0012,2020-09-23,2020-09-22T20:35:00Z,2016,Inshore: Vessels 0-34 ft. 11 in. (0-10.6m),0-10.6m,Inshore
2016,Miscellaneous,928,"Roe, lumpfish",41586,18863,19,0,47850,1.151,0012,2020-09-23,2020-09-22T20:35:00Z,2016,Inshore: Vessels 0-34 ft. 11 in. (0-10.6m),0-10.6m,Inshore
2017,Groundfish,100,"Cod, Atlantic",30494685,13832298,13832,0,19558189,0.641,0013,2020-09-23,2020-09-22T20:35:00Z,2017,Inshore: Vessels 0-34 ft. 11 in. (0-10.6m),0-10.6m,Inshore
2017,Groundfish,110,Haddock,6750,3062,3,0,3165,0.469,0013,2020-09-23,2020-09-22T20:35:00Z,2017,Inshore: Vessels 0-34 ft. 11 in. (0-10.6m),0-10.6m,Inshore
2017,Groundfish,120,Redfish,36604,16603,17,0,15008,0.41,0013,2020-09-23,2020-09-22T20:35:00Z,2017,Inshore: Vessels 0-34 ft. 11 in. (0-10.6m),0-10.6m,Inshore
2017,Groundfish,130,Halibut,835218,378853,379,0,4166098,4.988,0013,2020-09-23,2020-09-22T20:35:00Z,2017,Inshore: Vessels 0-34 ft. 11 in. (0-10.6m),0-10.6m,Inshore
2017,Groundfish,144,Turbot/Greenland halibut,203386,92255,92,0,346666,1.704,0013,2020-09-23,2020-09-22T20:35:00Z,2017,Inshore: Vessels 0-34 ft. 11 in. (0-10.6m),0-10.6m,Inshore
2017,Groundfish,149,Flounders,293925,133324,133,0,105597,0.359,0013,2020-09-23,2020-09-22T20:35:00Z,2017,Inshore: Vessels 0-34 ft. 11 in. (0-10.6m),0-10.6m,Inshore
2017,Groundfish,160,Skate,22176,10059,10,0,2512,0.113,0013,2020-09-23,2020-09-22T20:35:00Z,2017,Inshore: Vessels 0-34 ft. 11 in. (0-10.6m),0-10.6m,Inshore
2017,Groundfish,170,Pollock,57962,26291,26,0,23059,0.398,0013,2020-09-23,2020-09-22T20:35:00Z,2017,Inshore: Vessels 0-34 ft. 11 in. (0-10.6m),0-10.6m,Inshore
2017,Groundfish,171,"Hake, white",87780,39817,40,0,37501,0.427,0013,2020-09-23,2020-09-22T20:35:00Z,2017,Inshore: Vessels 0-34 ft. 11 in. (0-10.6m),0-10.6m,Inshore
2017,Groundfish,177,Monkfish (Am angler),1016,461,0,0,434,0.427,0013,2020-09-23,2020-09-22T20:35:00Z,2017,Inshore: Vessels 0-34 ft. 11 in. (0-10.6m),0-10.6m,Inshore
2017,Pelagics,200,"Herring, Atlantic",4322087,1960486,1960,0,700552,0.162,0013,2020-09-23,2020-09-22T20:35:00Z,2017,Inshore: Vessels 0-34 ft. 11 in. (0-10.6m),0-10.6m,Inshore
2017,Pelagics,250,Mackerel,568198,257733,258,0,169505,0.298,0013,2020-09-23,2020-09-22T20:35:00Z,2017,Inshore: Vessels 0-34 ft. 11 in. (0-10.6m),0-10.6m,Inshore
2017,Pelagics,360,Capelin,12312086,5584726,5585,0,1772033,0.144,0013,2020-09-23,2020-09-22T20:35:00Z,2017,Inshore: Vessels 0-34 ft. 11 in. (0-10.6m),0-10.6m,Inshore
2017,Molluscs,615,Whelks,535624,242957,243,0,499033,0.932,0013,2020-09-23,2020-09-22T20:35:00Z,2017,Inshore: Vessels 0-34 ft. 11 in. (0-10.6m),0-10.6m,Inshore
2017,Molluscs,617,"Scallop, Iceland",124138,56309,56,0,125082,1.008,0013,2020-09-23,2020-09-22T20:35:00Z,2017,Inshore: Vessels 0-34 ft. 11 in. (0-10.6m),0-10.6m,Inshore
2017,Crustacean,613,"Squid, Illex",618668,280626,281,0,463913,0.75,0013,2020-09-23,2020-09-22T20:35:00Z,2017,Inshore: Vessels 0-34 ft. 11 in. (0-10.6m),0-10.6m,Inshore
2017,Crustacean,700,Lobster,6198001,2811395,2811,0,43043627,6.945,0013,2020-09-23,2020-09-22T20:35:00Z,2017,Inshore: Vessels 0-34 ft. 11 in. (0-10.6m),0-10.6m,Inshore
2017,Crustacean,705,"Crab, Queen/Snow",11671433,5294127,5294,0,51114927,4.379,0013,2020-09-23,2020-09-22T20:35:00Z,2017,Inshore: Vessels 0-34 ft. 11 in. (0-10.6m),0-10.6m,Inshore
2017,Miscellaneous,928,"Roe, lumpfish",15060,6831,7,0,17196,1.142,0013,2020-09-23,2020-09-22T20:35:00Z,2017,Inshore: Vessels 0-34 ft. 11 in. (0-10.6m),0-10.6m,Inshore
2018,Groundfish,100,"Cod, Atlantic",23994921,10884025,10884,0,15006286,0.625,0014,2020-09-23,2020-09-22T20:35:00Z,2018,Inshore: Vessels 0-34 ft. 11 in. (0-10.6m),0-10.6m,Inshore
2018,Groundfish,110,Haddock,4307,1953,2,0,1916,0.445,0014,2020-09-23,2020-09-22T20:35:00Z,2018,Inshore: Vessels 0-34 ft. 11 in. (0-10.6m),0-10.6m,Inshore
2018,Groundfish,120,Redfish,50911,23093,23,0,19046,0.374,0014,2020-09-23,2020-09-22T20:35:00Z,2018,Inshore: Vessels 0-34 ft. 11 in. (0-10.6m),0-10.6m,Inshore
2018,Groundfish,130,Halibut,874308,396584,397,0,3992070,4.566,0014,2020-09-23,2020-09-22T20:35:00Z,2018,Inshore: Vessels 0-34 ft. 11 in. (0-10.6m),0-10.6m,Inshore
2018,Groundfish,144,Turbot/Greenland halibut,292093,132493,132,0,493901,1.691,0014,2020-09-23,2020-09-22T20:35:00Z,2018,Inshore: Vessels 0-34 ft. 11 in. (0-10.6m),0-10.6m,Inshore
2018,Groundfish,149,Flounders,311899,141477,141,0,108950,0.349,0014,2020-09-23,2020-09-22T20:35:00Z,2018,Inshore: Vessels 0-34 ft. 11 in. (0-10.6m),0-10.6m,Inshore
2018,Groundfish,160,Skate,9773,4433,4,0,1122,0.115,0014,2020-09-23,2020-09-22T20:35:00Z,2018,Inshore: Vessels 0-34 ft. 11 in. (0-10.6m),0-10.6m,Inshore
2018,Groundfish,170,Pollock,126835,57532,58,0,41414,0.327,0014,2020-09-23,2020-09-22T20:35:00Z,2018,Inshore: Vessels 0-34 ft. 11 in. (0-10.6m),0-10.6m,Inshore
2018,Groundfish,171,"Hake, white",68729,31175,31,0,27817,0.405,0014,2020-09-23,2020-09-22T20:35:00Z,2018,Inshore: Vessels 0-34 ft. 11 in. (0-10.6m),0-10.6m,Inshore
2018,Groundfish,177,Monkfish (Am angler),1582,717,1,0,817,0.517,0014,2020-09-23,2020-09-22T20:35:00Z,2018,Inshore: Vessels 0-34 ft. 11 in. (0-10.6m),0-10.6m,Inshore
2018,Pelagics,200,"Herring, Atlantic",2664322,1208529,1209,0,408441,0.153,0014,2020-09-23,2020-09-22T20:35:00Z,2018,Inshore: Vessels 0-34 ft. 11 in. (0-10.6m),0-10.6m,Inshore
2018,Pelagics,250,Mackerel,826317,374815,375,0,244672,0.296,0014,2020-09-23,2020-09-22T20:35:00Z,2018,Inshore: Vessels 0-34 ft. 11 in. (0-10.6m),0-10.6m,Inshore
2018,Pelagics,360,Capelin,16290237,7389203,7389,0,2769587,0.17,0014,2020-09-23,2020-09-22T20:35:00Z,2018,Inshore: Vessels 0-34 ft. 11 in. (0-10.6m),0-10.6m,Inshore
2018,Molluscs,615,Whelks,497580,225701,226,0,615608,1.237,0014,2020-09-23,2020-09-22T20:35:00Z,2018,Inshore: Vessels 0-34 ft. 11 in. (0-10.6m),0-10.6m,Inshore
2018,Crustacean,613,"Squid, Illex",2167397,983125,983,0,1930983,0.891,0014,2020-09-23,2020-09-22T20:35:00Z,2018,Inshore: Vessels 0-34 ft. 11 in. (0-10.6m),0-10.6m,Inshore
2018,Crustacean,700,Lobster,7240555,3284294,3284,0,47423131,6.55,0014,2020-09-23,2020-09-22T20:35:00Z,2018,Inshore: Vessels 0-34 ft. 11 in. (0-10.6m),0-10.6m,Inshore
2018,Crustacean,701,"Crab, spider/toad",710316,322197,322,0,355100,0.5,0014,2020-09-23,2020-09-22T20:35:00Z,2018,Inshore: Vessels 0-34 ft. 11 in. (0-10.6m),0-10.6m,Inshore
2018,Crustacean,705,"Crab, Queen/Snow",8712508,3951968,3952,0,41984218,4.819,0014,2020-09-23,2020-09-22T20:35:00Z,2018,Inshore: Vessels 0-34 ft. 11 in. (0-10.6m),0-10.6m,Inshore
2018,Miscellaneous,928,"Roe, lumpfish",46465,21076,21,0,56146,1.208,0014,2020-09-23,2020-09-22T20:35:00Z,2018,Inshore: Vessels 0-34 ft. 11 in. (0-10.6m),0-10.6m,Inshore
2019,Groundfish,100,"Cod, Atlantic",21183668,9608849,9609,0,15216233,0.718,0015,2020-09-23,2020-09-22T20:35:00Z,2019,Inshore: Vessels 0-34 ft. 11 in. (0-10.6m),0-10.6m,Inshore
2019,Groundfish,120,Redfish,31359,14224,14,0,12247,0.391,0015,2020-09-23,2020-09-22T20:35:00Z,2019,Inshore: Vessels 0-34 ft. 11 in. (0-10.6m),0-10.6m,Inshore
2019,Groundfish,130,Halibut,976737,443045,443,0,4565906,4.675,0015,2020-09-23,2020-09-22T20:35:00Z,2019,Inshore: Vessels 0-34 ft. 11 in. (0-10.6m),0-10.6m,Inshore
2019,Groundfish,144,Turbot/Greenland halibut,171358,77727,78,0,311564,1.818,0015,2020-09-23,2020-09-22T20:35:00Z,2019,Inshore: Vessels 0-34 ft. 11 in. (0-10.6m),0-10.6m,Inshore
2019,Groundfish,149,Flounders,263545,119543,120,0,93849,0.356,0015,2020-09-23,2020-09-22T20:35:00Z,2019,Inshore: Vessels 0-34 ft. 11 in. (0-10.6m),0-10.6m,Inshore
2019,Groundfish,160,Skate,38674,17542,18,0,5199,0.134,0015,2020-09-23,2020-09-22T20:35:00Z,2019,Inshore: Vessels 0-34 ft. 11 in. (0-10.6m),0-10.6m,Inshore
2019,Groundfish,170,Pollock,51027,23146,23,0,14353,0.281,0015,2020-09-23,2020-09-22T20:35:00Z,2019,Inshore: Vessels 0-34 ft. 11 in. (0-10.6m),0-10.6m,Inshore
2019,Groundfish,171,"Hake, white",42509,19282,19,0,18218,0.429,0015,2020-09-23,2020-09-22T20:35:00Z,2019,Inshore: Vessels 0-34 ft. 11 in. (0-10.6m),0-10.6m,Inshore
2019,Pelagics,200,"Herring, Atlantic",3542455,1606847,1607,0,761613,0.215,0015,2020-09-23,2020-09-22T20:35:00Z,2019,Inshore: Vessels 0-34 ft. 11 in. (0-10.6m),0-10.6m,Inshore
2019,Pelagics,250,Mackerel,1141407,517739,518,0,272796,0.239,0015,2020-09-23,2020-09-22T20:35:00Z,2019,Inshore: Vessels 0-34 ft. 11 in. (0-10.6m),0-10.6m,Inshore
2019,Pelagics,360,Capelin,13914346,6311506,6312,0,3730069,0.268,0015,2020-09-23,2020-09-22T20:35:00Z,2019,Inshore: Vessels 0-34 ft. 11 in. (0-10.6m),0-10.6m,Inshore
2019,Molluscs,615,Whelks,472020,214107,214,0,610324,1.293,0015,2020-09-23,2020-09-22T20:35:00Z,2019,Inshore: Vessels 0-34 ft. 11 in. (0-10.6m),0-10.6m,Inshore
2019,Crustacean,613,"Squid, Illex",5003247,2269458,2269,0,4392354,0.878,0015,2020-09-23,2020-09-22T20:35:00Z,2019,Inshore: Vessels 0-34 ft. 11 in. (0-10.6m),0-10.6m,Inshore
2019,Crustacean,700,Lobster,9805740,4447854,4448,0,62173590,6.341,0015,2020-09-23,2020-09-22T20:35:00Z,2019,Inshore: Vessels 0-34 ft. 11 in. (0-10.6m),0-10.6m,Inshore
2019,Crustacean,705,"Crab, Queen/Snow",7733856,3508054,3508,0,40413090,5.225,0015,2020-09-23,2020-09-22T20:35:00Z,2019,Inshore: Vessels 0-34 ft. 11 in. (0-10.6m),0-10.6m,Inshore
2019,Miscellaneous,928,"Roe, lumpfish",115565,52420,52,0,521198,4.51,0015,2020-09-23,2020-09-22T20:35:00Z,2019,Inshore: Vessels 0-34 ft. 11 in. (0-10.6m),0-10.6m,Inshore
2020,Groundfish,100,"Cod, Atlantic",18386002,8339836,8340,0,11266132,0.613,0016,2020-09-23,2020-09-22T20:35:00Z,2020,Inshore: Vessels 0-34 ft. 11 in. (0-10.6m),0-10.6m,Inshore
2020,Groundfish,110,Haddock,1168,530,1,0,517,0.443,0016,2020-09-23,2020-09-22T20:35:00Z,2020,Inshore: Vessels 0-34 ft. 11 in. (0-10.6m),0-10.6m,Inshore
2020,Groundfish,120,Redfish,62723,28451,28,0,24721,0.394,0016,2020-09-23,2020-09-22T20:35:00Z,2020,Inshore: Vessels 0-34 ft. 11 in. (0-10.6m),0-10.6m,Inshore
2020,Groundfish,130,Halibut,901509,408922,409,0,4220895,4.682,0016,2020-09-23,2020-09-22T20:35:00Z,2020,Inshore: Vessels 0-34 ft. 11 in. (0-10.6m),0-10.6m,Inshore
2020,Groundfish,144,Turbot/Greenland halibut,1993954,904452,904,0,3090626,1.55,0016,2020-09-23,2020-09-22T20:35:00Z,2020,Inshore: Vessels 0-34 ft. 11 in. (0-10.6m),0-10.6m,Inshore
2020,Groundfish,149,Flounders,70472,31966,32,0,25282,0.359,0016,2020-09-23,2020-09-22T20:35:00Z,2020,Inshore: Vessels 0-34 ft. 11 in. (0-10.6m),0-10.6m,Inshore
2020,Groundfish,160,Skate,53827,24416,24,0,5817,0.108,0016,2020-09-23,2020-09-22T20:35:00Z,2020,Inshore: Vessels 0-34 ft. 11 in. (0-10.6m),0-10.6m,Inshore
2020,Groundfish,170,Pollock,58145,26374,26,0,16331,0.281,0016,2020-09-23,2020-09-22T20:35:00Z,2020,Inshore: Vessels 0-34 ft. 11 in. (0-10.6m),0-10.6m,Inshore
2020,Groundfish,171,"Hake, white",42362,19215,19,0,18303,0.432,0016,2020-09-23,2020-09-22T20:35:00Z,2020,Inshore: Vessels 0-34 ft. 11 in. (0-10.6m),0-10.6m,Inshore
2020,Pelagics,200,"Herring, Atlantic",850174,385636,386,0,127526,0.15,0016,2020-09-23,2020-09-22T20:35:00Z,2020,Inshore: Vessels 0-34 ft. 11 in. (0-10.6m),0-10.6m,Inshore
2020,Pelagics,250,Mackerel,703528,319118,319,0,154776,0.22,0016,2020-09-23,2020-09-22T20:35:00Z,2020,Inshore: Vessels 0-34 ft. 11 in. (0-10.6m),0-10.6m,Inshore
2020,Pelagics,360,Capelin,9957036,4516482,4516,0,4181955,0.42,0016,2020-09-23,2020-09-22T20:35:00Z,2020,Inshore: Vessels 0-34 ft. 11 in. (0-10.6m),0-10.6m,Inshore
2020,Crustacean,700,Lobster,9739912,4417995,4418,0,42090922,4.321,0016,2020-09-23,2020-09-22T20:35:00Z,2020,Inshore: Vessels 0-34 ft. 11 in. (0-10.6m),0-10.6m,Inshore
2020,Crustacean,705,"Crab, Queen/Snow",8560315,3882933,3883,0,29625196,3.461,0016,2020-09-23,2020-09-22T20:35:00Z,2020,Inshore: Vessels 0-34 ft. 11 in. (0-10.6m),0-10.6m,Inshore
2013,Crustacean,702,"Shrimp, Pandalus Borealis",5266171,2388719,2389,0,3180767,0.604,0017,2020-09-23,2020-09-22T20:35:00Z,2013,Midshore: Vessels 65-99 ft. 11 in. (19.9-30.4m),19.9-30.4m,Midshore
2013,Crustacean,705,"Crab, Queen/Snow",2189941,993351,993,0,4305424,1.966,0017,2020-09-23,2020-09-22T20:35:00Z,2013,Midshore: Vessels 65-99 ft. 11 in. (19.9-30.4m),19.9-30.4m,Midshore
2014,Crustacean,702,"Shrimp, Pandalus Borealis",5290330,2399678,2400,0,5193589,0.982,0018,2020-09-23,2020-09-22T20:35:00Z,2014,Midshore: Vessels 65-99 ft. 11 in. (19.9-30.4m),19.9-30.4m,Midshore
2014,Crustacean,705,"Crab, Queen/Snow",2703535,1226315,1226,0,6326272,2.34,0018,2020-09-23,2020-09-22T20:35:00Z,2014,Midshore: Vessels 65-99 ft. 11 in. (19.9-30.4m),19.9-30.4m,Midshore
2015,Crustacean,702,"Shrimp, Pandalus Borealis",5813068,2636790,2637,0,10231000,1.76,0019,2020-09-23,2020-09-22T20:35:00Z,2015,Midshore: Vessels 65-99 ft. 11 in. (19.9-30.4m),19.9-30.4m,Midshore
2015,Crustacean,705,"Crab, Queen/Snow",4005636,1816945,1817,0,9893921,2.47,0019,2020-09-23,2020-09-22T20:35:00Z,2015,Midshore: Vessels 65-99 ft. 11 in. (19.9-30.4m),19.9-30.4m,Midshore
2016,Crustacean,702,"Shrimp, Pandalus Borealis",5913378,2682291,2682,0,8430573,1.426,0020,2020-09-23,2020-09-22T20:35:00Z,2016,Midshore: Vessels 65-99 ft. 11 in. (19.9-30.4m),19.9-30.4m,Midshore
2016,Crustacean,705,"Crab, Queen/Snow",4048351,1836320,1836,0,12070912,2.982,0020,2020-09-23,2020-09-22T20:35:00Z,2016,Midshore: Vessels 65-99 ft. 11 in. (19.9-30.4m),19.9-30.4m,Midshore
2017,Groundfish,144,Turbot/Greenland halibut,2221509,1007670,1008,0,6165970,2.776,0021,2020-09-23,2020-09-22T20:35:00Z,2017,Midshore: Vessels 65-99 ft. 11 in. (19.9-30.4m),19.9-30.4m,Midshore
2017,Crustacean,702,"Shrimp, Pandalus Borealis",5447654,2471040,2471,0,6930352,1.272,0021,2020-09-23,2020-09-22T20:35:00Z,2017,Midshore: Vessels 65-99 ft. 11 in. (19.9-30.4m),19.9-30.4m,Midshore
2017,Crustacean,705,"Crab, Queen/Snow",4030941,1828423,1828,0,17748001,4.403,0021,2020-09-23,2020-09-22T20:35:00Z,2017,Midshore: Vessels 65-99 ft. 11 in. (19.9-30.4m),19.9-30.4m,Midshore
2018,Crustacean,702,"Shrimp, Pandalus Borealis",5707775,2589030,2589,0,9533101,1.67,0022,2020-09-23,2020-09-22T20:35:00Z,2018,Midshore: Vessels 65-99 ft. 11 in. (19.9-30.4m),19.9-30.4m,Midshore
2018,Crustacean,705,"Crab, Queen/Snow",3455735,1567511,1568,0,16652835,4.819,0022,2020-09-23,2020-09-22T20:35:00Z,2018,Midshore: Vessels 65-99 ft. 11 in. (19.9-30.4m),19.9-30.4m,Midshore
2019,Crustacean,702,"Shrimp, Pandalus Borealis",5804635,2632965,2633,0,9479753,1.633,0023,2020-09-23,2020-09-22T20:35:00Z,2019,Midshore: Vessels 65-99 ft. 11 in. (19.9-30.4m),19.9-30.4m,Midshore
2019,Crustacean,705,"Crab, Queen/Snow",3901971,1769922,1770,0,20009095,5.128,0023,2020-09-23,2020-09-22T20:35:00Z,2019,Midshore: Vessels 65-99 ft. 11 in. (19.9-30.4m),19.9-30.4m,Midshore
2020,Groundfish,144,Turbot/Greenland halibut,866910,393228,393,0,2310487,2.665,0024,2020-09-23,2020-09-22T20:35:00Z,2020,Midshore: Vessels 65-99 ft. 11 in. (19.9-30.4m),19.9-30.4m,Midshore
2020,Crustacean,705,"Crab, Queen/Snow",4432144,2010407,2010,0,15239389,3.438,0024,2020-09-23,2020-09-22T20:35:00Z,2020,Midshore: Vessels 65-99 ft. 11 in. (19.9-30.4m),19.9-30.4m,Midshore
2013,Groundfish,100,"Cod, Atlantic",3533302,1602695,1603,0,1550993,0.439,0025,2020-09-23,2020-09-22T20:35:00Z,2013,Nearshore: Vessels 35-64 ft. 11 in. (10.7-19.8m),10.7-19.8m,Nearshore
2013,Groundfish,110,Haddock,89009,40374,40,0,28179,0.317,0025,2020-09-23,2020-09-22T20:35:00Z,2013,Nearshore: Vessels 35-64 ft. 11 in. (10.7-19.8m),10.7-19.8m,Nearshore
2013,Groundfish,120,Redfish,139508,63280,63,0,43523,0.312,0025,2020-09-23,2020-09-22T20:35:00Z,2013,Nearshore: Vessels 35-64 ft. 11 in. (10.7-19.8m),10.7-19.8m,Nearshore
2013,Groundfish,130,Halibut,729772,331022,331,0,2855964,3.914,0025,2020-09-23,2020-09-22T20:35:00Z,2013,Nearshore: Vessels 35-64 ft. 11 in. (10.7-19.8m),10.7-19.8m,Nearshore
2013,Groundfish,144,Turbot/Greenland halibut,8759029,3973070,3973,0,11943686,1.364,0025,2020-09-23,2020-09-22T20:35:00Z,2013,Nearshore: Vessels 35-64 ft. 11 in. (10.7-19.8m),10.7-19.8m,Nearshore
2013,Groundfish,149,Flounders,507174,230053,230,0,220869,0.435,0025,2020-09-23,2020-09-22T20:35:00Z,2013,Nearshore: Vessels 35-64 ft. 11 in. (10.7-19.8m),10.7-19.8m,Nearshore
2013,Groundfish,160,Skate,608728,276117,276,0,73624,0.121,0025,2020-09-23,2020-09-22T20:35:00Z,2013,Nearshore: Vessels 35-64 ft. 11 in. (10.7-19.8m),10.7-19.8m,Nearshore
2013,Groundfish,170,Pollock,123926,56212,56,0,34998,0.282,0025,2020-09-23,2020-09-22T20:35:00Z,2013,Nearshore: Vessels 35-64 ft. 11 in. (10.7-19.8m),10.7-19.8m,Nearshore
2013,Groundfish,171,"Hake, white",311141,141132,141,0,116925,0.376,0025,2020-09-23,2020-09-22T20:35:00Z,2013,Nearshore: Vessels 35-64 ft. 11 in. (10.7-19.8m),10.7-19.8m,Nearshore
2013,Groundfish,177,Monkfish (Am angler),93748,42524,43,0,60385,0.644,0025,2020-09-23,2020-09-22T20:35:00Z,2013,Nearshore: Vessels 35-64 ft. 11 in. (10.7-19.8m),10.7-19.8m,Nearshore
2013,Groundfish,192,"Wolffish, Striped/ Atlantic",421,191,0,0,75,0.178,0025,2020-09-23,2020-09-22T20:35:00Z,2013,Nearshore: Vessels 35-64 ft. 11 in. (10.7-19.8m),10.7-19.8m,Nearshore
2013,Pelagics,200,"Herring, Atlantic",30043725,13627744,13628,0,3755470,0.125,0025,2020-09-23,2020-09-22T20:35:00Z,2013,Nearshore: Vessels 35-64 ft. 11 in. (10.7-19.8m),10.7-19.8m,Nearshore
2013,Pelagics,250,Mackerel,7951822,3606923,3607,0,1979819,0.249,0025,2020-09-23,2020-09-22T20:35:00Z,2013,Nearshore: Vessels 35-64 ft. 11 in. (10.7-19.8m),10.7-19.8m,Nearshore
2013,Pelagics,254,"Tuna, bluefin",59219,26861,27,75,174775,2.951,0025,2020-09-23,2020-09-22T20:35:00Z,2013,Nearshore: Vessels 35-64 ft. 11 in. (10.7-19.8m),10.7-19.8m,Nearshore
2013,Pelagics,360,Capelin,39497197,17915811,17916,0,3594245,0.091,0025,2020-09-23,2020-09-22T20:35:00Z,2013,Nearshore: Vessels 35-64 ft. 11 in. (10.7-19.8m),10.7-19.8m,Nearshore
2013,Molluscs,612,"Scallop, Sea",2313976,1049612,1050,0,2441470,1.055,0025,2020-09-23,2020-09-22T20:35:00Z,2013,Nearshore: Vessels 35-64 ft. 11 in. (10.7-19.8m),10.7-19.8m,Nearshore
2013,Molluscs,615,Whelks,9086595,4121652,4122,0,5842356,0.643,0025,2020-09-23,2020-09-22T20:35:00Z,2013,Nearshore: Vessels 35-64 ft. 11 in. (10.7-19.8m),10.7-19.8m,Nearshore
2013,Molluscs,617,"Scallop, Iceland",492531,223411,223,0,439477,0.892,0025,2020-09-23,2020-09-22T20:35:00Z,2013,Nearshore: Vessels 35-64 ft. 11 in. (10.7-19.8m),10.7-19.8m,Nearshore
2013,Crustacean,700,Lobster,38672,17542,18,0,141304,3.654,0025,2020-09-23,2020-09-22T20:35:00Z,2013,Nearshore: Vessels 35-64 ft. 11 in. (10.7-19.8m),10.7-19.8m,Nearshore
2013,Crustacean,702,"Shrimp, Pandalus Borealis",109382333,49615501,49616,0,66033483,0.604,0025,2020-09-23,2020-09-22T20:35:00Z,2013,Nearshore: Vessels 35-64 ft. 11 in. (10.7-19.8m),10.7-19.8m,Nearshore
2013,Crustacean,705,"Crab, Queen/Snow",87066352,39493038,39493,0,171171338,1.966,0025,2020-09-23,2020-09-22T20:35:00Z,2013,Nearshore: Vessels 35-64 ft. 11 in. (10.7-19.8m),10.7-19.8m,Nearshore
2014,Groundfish,100,"Cod, Atlantic",5951115,2699408,2699,0,3401297,0.572,0026,2020-09-23,2020-09-22T20:35:00Z,2014,Nearshore: Vessels 35-64 ft. 11 in. (10.7-19.8m),10.7-19.8m,Nearshore
2014,Groundfish,110,Haddock,135530,61476,61,0,48697,0.359,0026,2020-09-23,2020-09-22T20:35:00Z,2014,Nearshore: Vessels 35-64 ft. 11 in. (10.7-19.8m),10.7-19.8m,Nearshore
2014,Groundfish,120,Redfish,323950,146943,147,0,110467,0.341,0026,2020-09-23,2020-09-22T20:35:00Z,2014,Nearshore: Vessels 35-64 ft. 11 in. (10.7-19.8m),10.7-19.8m,Nearshore
2014,Groundfish,130,Halibut,986119,447301,447,0,3968634,4.024,0026,2020-09-23,2020-09-22T20:35:00Z,2014,Nearshore: Vessels 35-64 ft. 11 in. (10.7-19.8m),10.7-19.8m,Nearshore
2014,Groundfish,144,Turbot/Greenland halibut,8657847,3927174,3927,0,11738120,1.356,0026,2020-09-23,2020-09-22T20:35:00Z,2014,Nearshore: Vessels 35-64 ft. 11 in. (10.7-19.8m),10.7-19.8m,Nearshore
2014,Groundfish,149,Flounders,488519,221591,222,0,245331,0.502,0026,2020-09-23,2020-09-22T20:35:00Z,2014,Nearshore: Vessels 35-64 ft. 11 in. (10.7-19.8m),10.7-19.8m,Nearshore
2014,Groundfish,160,Skate,227242,103076,103,0,22071,0.097,0026,2020-09-23,2020-09-22T20:35:00Z,2014,Nearshore: Vessels 35-64 ft. 11 in. (10.7-19.8m),10.7-19.8m,Nearshore
2014,Groundfish,170,Pollock,660378,299545,300,0,214622,0.325,0026,2020-09-23,2020-09-22T20:35:00Z,2014,Nearshore: Vessels 35-64 ft. 11 in. (10.7-19.8m),10.7-19.8m,Nearshore
2014,Groundfish,171,"Hake, white",655704,297425,297,0,273314,0.417,0026,2020-09-23,2020-09-22T20:35:00Z,2014,Nearshore: Vessels 35-64 ft. 11 in. (10.7-19.8m),10.7-19.8m,Nearshore
2014,Groundfish,177,Monkfish (Am angler),2308,1047,1,0,1512,0.655,0026,2020-09-23,2020-09-22T20:35:00Z,2014,Nearshore: Vessels 35-64 ft. 11 in. (10.7-19.8m),10.7-19.8m,Nearshore
2014,Pelagics,200,"Herring, Atlantic",26178548,11874511,11875,0,2617855,0.1,0026,2020-09-23,2020-09-22T20:35:00Z,2014,Nearshore: Vessels 35-64 ft. 11 in. (10.7-19.8m),10.7-19.8m,Nearshore
2014,Pelagics,250,Mackerel,5749035,2607745,2608,0,1420012,0.247,0026,2020-09-23,2020-09-22T20:35:00Z,2014,Nearshore: Vessels 35-64 ft. 11 in. (10.7-19.8m),10.7-19.8m,Nearshore
2014,Pelagics,254,"Tuna, bluefin",51505,23363,23,66,196940,3.824,0026,2020-09-23,2020-09-22T20:35:00Z,2014,Nearshore: Vessels 35-64 ft. 11 in. (10.7-19.8m),10.7-19.8m,Nearshore
2014,Pelagics,360,Capelin,40183773,18227240,18227,0,5785602,0.144,0026,2020-09-23,2020-09-22T20:35:00Z,2014,Nearshore: Vessels 35-64 ft. 11 in. (10.7-19.8m),10.7-19.8m,Nearshore
2014,Molluscs,612,"Scallop, Sea",2530433,1147797,1148,0,2849464,1.126,0026,2020-09-23,2020-09-22T20:35:00Z,2014,Nearshore: Vessels 35-64 ft. 11 in. (10.7-19.8m),10.7-19.8m,Nearshore
2014,Molluscs,615,Whelks,4763031,2160497,2160,0,3701405,0.777,0026,2020-09-23,2020-09-22T20:35:00Z,2014,Nearshore: Vessels 35-64 ft. 11 in. (10.7-19.8m),10.7-19.8m,Nearshore
2014,Molluscs,617,"Scallop, Iceland",398455,180738,181,0,348551,0.875,0026,2020-09-23,2020-09-22T20:35:00Z,2014,Nearshore: Vessels 35-64 ft. 11 in. (10.7-19.8m),10.7-19.8m,Nearshore
2014,Crustacean,619,Sea cucumber,2063326,935919,936,0,722164,0.35,0026,2020-09-23,2020-09-22T20:35:00Z,2014,Nearshore: Vessels 35-64 ft. 11 in. (10.7-19.8m),10.7-19.8m,Nearshore
2014,Crustacean,700,Lobster,41176,18677,19,0,157921,3.835,0026,2020-09-23,2020-09-22T20:35:00Z,2014,Nearshore: Vessels 35-64 ft. 11 in. (10.7-19.8m),10.7-19.8m,Nearshore
2014,Crustacean,702,"Shrimp, Pandalus Borealis",87977106,39906153,39906,0,81865763,0.931,0026,2020-09-23,2020-09-22T20:35:00Z,2014,Nearshore: Vessels 35-64 ft. 11 in. (10.7-19.8m),10.7-19.8m,Nearshore
2014,Crustacean,705,"Crab, Queen/Snow",85098766,38600547,38601,0,199130892,2.34,0026,2020-09-23,2020-09-22T20:35:00Z,2014,Nearshore: Vessels 35-64 ft. 11 in. (10.7-19.8m),10.7-19.8m,Nearshore
2015,Groundfish,100,"Cod, Atlantic",7777426,3527817,3528,0,4137670,0.532,0027,2020-09-23,2020-09-22T20:35:00Z,2015,Nearshore: Vessels 35-64 ft. 11 in. (10.7-19.8m),10.7-19.8m,Nearshore
2015,Groundfish,110,Haddock,238379,108128,108,0,93369,0.392,0027,2020-09-23,2020-09-22T20:35:00Z,2015,Nearshore: Vessels 35-64 ft. 11 in. (10.7-19.8m),10.7-19.8m,Nearshore
2015,Groundfish,120,Redfish,169114,76710,77,0,51073,0.302,0027,2020-09-23,2020-09-22T20:35:00Z,2015,Nearshore: Vessels 35-64 ft. 11 in. (10.7-19.8m),10.7-19.8m,Nearshore
2015,Groundfish,130,Halibut,500079,226834,227,0,2375691,4.751,0027,2020-09-23,2020-09-22T20:35:00Z,2015,Nearshore: Vessels 35-64 ft. 11 in. (10.7-19.8m),10.7-19.8m,Nearshore
2015,Groundfish,144,Turbot/Greenland halibut,7359120,3338075,3338,0,12814735,1.741,0027,2020-09-23,2020-09-22T20:35:00Z,2015,Nearshore: Vessels 35-64 ft. 11 in. (10.7-19.8m),10.7-19.8m,Nearshore
2015,Groundfish,149,Flounders,500044,226818,227,0,212010,0.424,0027,2020-09-23,2020-09-22T20:35:00Z,2015,Nearshore: Vessels 35-64 ft. 11 in. (10.7-19.8m),10.7-19.8m,Nearshore
2015,Groundfish,160,Skate,339517,154004,154,0,36255,0.107,0027,2020-09-23,2020-09-22T20:35:00Z,2015,Nearshore: Vessels 35-64 ft. 11 in. (10.7-19.8m),10.7-19.8m,Nearshore
2015,Groundfish,170,Pollock,446912,202718,203,0,194027,0.434,0027,2020-09-23,2020-09-22T20:35:00Z,2015,Nearshore: Vessels 35-64 ft. 11 in. (10.7-19.8m),10.7-19.8m,Nearshore
2015,Groundfish,171,"Hake, white",353361,160284,160,0,176681,0.5,0027,2020-09-23,2020-09-22T20:35:00Z,2015,Nearshore: Vessels 35-64 ft. 11 in. (10.7-19.8m),10.7-19.8m,Nearshore
2015,Groundfish,177,Monkfish (Am angler),22679,10287,10,0,11248,0.496,0027,2020-09-23,2020-09-22T20:35:00Z,2015,Nearshore: Vessels 35-64 ft. 11 in. (10.7-19.8m),10.7-19.8m,Nearshore
2015,Pelagics,200,"Herring, Atlantic",27288605,12378030,12378,0,3083612,0.113,0027,2020-09-23,2020-09-22T20:35:00Z,2015,Nearshore: Vessels 35-64 ft. 11 in. (10.7-19.8m),10.7-19.8m,Nearshore
2015,Pelagics,250,Mackerel,1529346,693707,694,0,327280,0.214,0027,2020-09-23,2020-09-22T20:35:00Z,2015,Nearshore: Vessels 35-64 ft. 11 in. (10.7-19.8m),10.7-19.8m,Nearshore
2015,Pelagics,254,"Tuna, bluefin",60429,27410,27,80,210287,3.48,0027,2020-09-23,2020-09-22T20:35:00Z,2015,Nearshore: Vessels 35-64 ft. 11 in. (10.7-19.8m),10.7-19.8m,Nearshore
2015,Pelagics,360,Capelin,51267238,23254667,23255,0,6510939,0.127,0027,2020-09-23,2020-09-22T20:35:00Z,2015,Nearshore: Vessels 35-64 ft. 11 in. (10.7-19.8m),10.7-19.8m,Nearshore
2015,Molluscs,612,"Scallop, Sea",2450665,1111614,1112,0,2924012,1.193,0027,2020-09-23,2020-09-22T20:35:00Z,2015,Nearshore: Vessels 35-64 ft. 11 in. (10.7-19.8m),10.7-19.8m,Nearshore
2015,Molluscs,615,Whelks,5108031,2316988,2317,0,4623775,0.905,0027,2020-09-23,2020-09-22T20:35:00Z,2015,Nearshore: Vessels 35-64 ft. 11 in. (10.7-19.8m),10.7-19.8m,Nearshore
2015,Molluscs,617,"Scallop, Iceland",396498,179850,180,0,327306,0.825,0027,2020-09-23,2020-09-22T20:35:00Z,2015,Nearshore: Vessels 35-64 ft. 11 in. (10.7-19.8m),10.7-19.8m,Nearshore
2015,Crustacean,619,Sea cucumber,5064484,2297235,2297,0,2213193,0.437,0027,2020-09-23,2020-09-22T20:35:00Z,2015,Nearshore: Vessels 35-64 ft. 11 in. (10.7-19.8m),10.7-19.8m,Nearshore
2015,Crustacean,700,Lobster,110228,49999,50,0,634807,5.759,0027,2020-09-23,2020-09-22T20:35:00Z,2015,Nearshore: Vessels 35-64 ft. 11 in. (10.7-19.8m),10.7-19.8m,Nearshore
2015,Crustacean,702,"Shrimp, Pandalus Borealis",83096154,37692168,37692,0,146248504,1.76,0027,2020-09-23,2020-09-22T20:35:00Z,2015,Nearshore: Vessels 35-64 ft. 11 in. (10.7-19.8m),10.7-19.8m,Nearshore
2015,Crustacean,705,"Crab, Queen/Snow",80390655,36464962,36465,0,198562687,2.47,0027,2020-09-23,2020-09-22T20:35:00Z,2015,Nearshore: Vessels 35-64 ft. 11 in. (10.7-19.8m),10.7-19.8m,Nearshore
2016,Groundfish,100,"Cod, Atlantic",8890860,4032868,4033,0,5204486,0.585,0028,2020-09-23,2020-09-22T20:35:00Z,2016,Nearshore: Vessels 35-64 ft. 11 in. (10.7-19.8m),10.7-19.8m,Nearshore
2016,Groundfish,110,Haddock,261849,118774,119,0,102693,0.392,0028,2020-09-23,2020-09-22T20:35:00Z,2016,Nearshore: Vessels 35-64 ft. 11 in. (10.7-19.8m),10.7-19.8m,Nearshore
2016,Groundfish,120,Redfish,405586,183972,184,0,123425,0.304,0028,2020-09-23,2020-09-22T20:35:00Z,2016,Nearshore: Vessels 35-64 ft. 11 in. (10.7-19.8m),10.7-19.8m,Nearshore
2016,Groundfish,130,Halibut,567793,257549,258,0,2849144,5.018,0028,2020-09-23,2020-09-22T20:35:00Z,2016,Nearshore: Vessels 35-64 ft. 11 in. (10.7-19.8m),10.7-19.8m,Nearshore
2016,Groundfish,144,Turbot/Greenland halibut,7968233,3614367,3614,0,13690299,1.718,0028,2020-09-23,2020-09-22T20:35:00Z,2016,Nearshore: Vessels 35-64 ft. 11 in. (10.7-19.8m),10.7-19.8m,Nearshore
2016,Groundfish,149,Flounders,436115,197821,198,0,137811,0.316,0028,2020-09-23,2020-09-22T20:35:00Z,2016,Nearshore: Vessels 35-64 ft. 11 in. (10.7-19.8m),10.7-19.8m,Nearshore
2016,Groundfish,160,Skate,835888,379156,379,0,119313,0.143,0028,2020-09-23,2020-09-22T20:35:00Z,2016,Nearshore: Vessels 35-64 ft. 11 in. (10.7-19.8m),10.7-19.8m,Nearshore
2016,Groundfish,170,Pollock,729707,330993,331,0,311996,0.428,0028,2020-09-23,2020-09-22T20:35:00Z,2016,Nearshore: Vessels 35-64 ft. 11 in. (10.7-19.8m),10.7-19.8m,Nearshore
2016,Groundfish,171,"Hake, white",624879,283443,283,0,281214,0.45,0028,2020-09-23,2020-09-22T20:35:00Z,2016,Nearshore: Vessels 35-64 ft. 11 in. (10.7-19.8m),10.7-19.8m,Nearshore
2016,Groundfish,177,Monkfish (Am angler),51550,23383,23,0,21970,0.426,0028,2020-09-23,2020-09-22T20:35:00Z,2016,Nearshore: Vessels 35-64 ft. 11 in. (10.7-19.8m),10.7-19.8m,Nearshore
2016,Pelagics,200,"Herring, Atlantic",28240162,12809654,12810,0,3840507,0.136,0028,2020-09-23,2020-09-22T20:35:00Z,2016,Nearshore: Vessels 35-64 ft. 11 in. (10.7-19.8m),10.7-19.8m,Nearshore
2016,Pelagics,250,Mackerel,9108913,4131776,4132,0,2432080,0.267,0028,2020-09-23,2020-09-22T20:35:00Z,2016,Nearshore: Vessels 35-64 ft. 11 in. (10.7-19.8m),10.7-19.8m,Nearshore
2016,Pelagics,360,Capelin,53263570,24160197,24160,0,8894393,0.167,0028,2020-09-23,2020-09-22T20:35:00Z,2016,Nearshore: Vessels 35-64 ft. 11 in. (10.7-19.8m),10.7-19.8m,Nearshore
2016,Molluscs,612,"Scallop, Sea",1940795,880339,880,0,2576325,1.327,0028,2020-09-23,2020-09-22T20:35:00Z,2016,Nearshore: Vessels 35-64 ft. 11 in. (10.7-19.8m),10.7-19.8m,Nearshore
2016,Molluscs,615,Whelks,3594346,1630385,1630,0,4945512,1.376,0028,2020-09-23,2020-09-22T20:35:00Z,2016,Nearshore: Vessels 35-64 ft. 11 in. (10.7-19.8m),10.7-19.8m,Nearshore
2016,Molluscs,617,"Scallop, Iceland",1073116,486762,487,0,742027,0.691,0028,2020-09-23,2020-09-22T20:35:00Z,2016,Nearshore: Vessels 35-64 ft. 11 in. (10.7-19.8m),10.7-19.8m,Nearshore
2016,Crustacean,619,Sea cucumber,4984177,2260808,2261,0,2471541,0.496,0028,2020-09-23,2020-09-22T20:35:00Z,2016,Nearshore: Vessels 35-64 ft. 11 in. (10.7-19.8m),10.7-19.8m,Nearshore
2016,Crustacean,700,Lobster,142179,64492,64,0,830374,5.84,0028,2020-09-23,2020-09-22T20:35:00Z,2016,Nearshore: Vessels 35-64 ft. 11 in. (10.7-19.8m),10.7-19.8m,Nearshore
2016,Crustacean,702,"Shrimp, Pandalus Borealis",55342581,25103230,25103,0,80058306,1.447,0028,2020-09-23,2020-09-22T20:35:00Z,2016,Nearshore: Vessels 35-64 ft. 11 in. (10.7-19.8m),10.7-19.8m,Nearshore
2016,Crustacean,705,"Crab, Queen/Snow",72026847,32671164,32671,0,214460612,2.978,0028,2020-09-23,2020-09-22T20:35:00Z,2016,Nearshore: Vessels 35-64 ft. 11 in. (10.7-19.8m),10.7-19.8m,Nearshore
2017,Groundfish,100,"Cod, Atlantic",12827494,5818513,5819,0,8040831,0.627,0029,2020-09-23,2020-09-22T20:35:00Z,2017,Nearshore: Vessels 35-64 ft. 11 in. (10.7-19.8m),10.7-19.8m,Nearshore
2017,Groundfish,110,Haddock,388003,175997,176,0,183951,0.474,0029,2020-09-23,2020-09-22T20:35:00Z,2017,Nearshore: Vessels 35-64 ft. 11 in. (10.7-19.8m),10.7-19.8m,Nearshore
2017,Groundfish,120,Redfish,1515686,687511,688,0,666068,0.439,0029,2020-09-23,2020-09-22T20:35:00Z,2017,Nearshore: Vessels 35-64 ft. 11 in. (10.7-19.8m),10.7-19.8m,Nearshore
2017,Groundfish,130,Halibut,465217,211021,211,0,2327230,5.002,0029,2020-09-23,2020-09-22T20:35:00Z,2017,Nearshore: Vessels 35-64 ft. 11 in. (10.7-19.8m),10.7-19.8m,Nearshore
2017,Groundfish,144,Turbot/Greenland halibut,7578225,3437460,3437,0,14077392,1.858,0029,2020-09-23,2020-09-22T20:35:00Z,2017,Nearshore: Vessels 35-64 ft. 11 in. (10.7-19.8m),10.7-19.8m,Nearshore
2017,Groundfish,149,Flounders,695373,315419,315,0,220039,0.316,0029,2020-09-23,2020-09-22T20:35:00Z,2017,Nearshore: Vessels 35-64 ft. 11 in. (10.7-19.8m),10.7-19.8m,Nearshore
2017,Groundfish,160,Skate,906787,411316,411,0,97788,0.108,0029,2020-09-23,2020-09-22T20:35:00Z,2017,Nearshore: Vessels 35-64 ft. 11 in. (10.7-19.8m),10.7-19.8m,Nearshore
2017,Groundfish,170,Pollock,954107,432780,433,0,378467,0.397,0029,2020-09-23,2020-09-22T20:35:00Z,2017,Nearshore: Vessels 35-64 ft. 11 in. (10.7-19.8m),10.7-19.8m,Nearshore
2017,Groundfish,171,"Hake, white",501761,227598,228,0,213782,0.426,0029,2020-09-23,2020-09-22T20:35:00Z,2017,Nearshore: Vessels 35-64 ft. 11 in. (10.7-19.8m),10.7-19.8m,Nearshore
2017,Groundfish,177,Monkfish (Am angler),26304,11931,12,0,9045,0.344,0029,2020-09-23,2020-09-22T20:35:00Z,2017,Nearshore: Vessels 35-64 ft. 11 in. (10.7-19.8m),10.7-19.8m,Nearshore
2017,Pelagics,200,"Herring, Atlantic",21218172,9624500,9624,0,3437318,0.162,0029,2020-09-23,2020-09-22T20:35:00Z,2017,Nearshore: Vessels 35-64 ft. 11 in. (10.7-19.8m),10.7-19.8m,Nearshore
2017,Pelagics,250,Mackerel,4555672,2066439,2066,0,1362146,0.299,0029,2020-09-23,2020-09-22T20:35:00Z,2017,Nearshore: Vessels 35-64 ft. 11 in. (10.7-19.8m),10.7-19.8m,Nearshore
2017,Pelagics,254,"Tuna, bluefin",59373,26931,27,79,220549,3.715,0029,2020-09-23,2020-09-22T20:35:00Z,2017,Nearshore: Vessels 35-64 ft. 11 in. (10.7-19.8m),10.7-19.8m,Nearshore
2017,Pelagics,360,Capelin,34114924,15474428,15474,0,4912549,0.144,0029,2020-09-23,2020-09-22T20:35:00Z,2017,Nearshore: Vessels 35-64 ft. 11 in. (10.7-19.8m),10.7-19.8m,Nearshore
2017,Molluscs,612,"Scallop, Sea",1870871,848621,849,0,2227222,1.19,0029,2020-09-23,2020-09-22T20:35:00Z,2017,Nearshore: Vessels 35-64 ft. 11 in. (10.7-19.8m),10.7-19.8m,Nearshore
2017,Molluscs,615,Whelks,1446988,656349,656,0,1398178,0.966,0029,2020-09-23,2020-09-22T20:35:00Z,2017,Nearshore: Vessels 35-64 ft. 11 in. (10.7-19.8m),10.7-19.8m,Nearshore
2017,Molluscs,617,"Scallop, Iceland",1298428,588963,589,0,1067414,0.822,0029,2020-09-23,2020-09-22T20:35:00Z,2017,Nearshore: Vessels 35-64 ft. 11 in. (10.7-19.8m),10.7-19.8m,Nearshore
2017,Crustacean,613,"Squid, Illex",71525,32444,32,0,53482,0.748,0029,2020-09-23,2020-09-22T20:35:00Z,2017,Nearshore: Vessels 35-64 ft. 11 in. (10.7-19.8m),10.7-19.8m,Nearshore
2017,Crustacean,619,Sea cucumber,8129012,3687296,3687,0,4048248,0.498,0029,2020-09-23,2020-09-22T20:35:00Z,2017,Nearshore: Vessels 35-64 ft. 11 in. (10.7-19.8m),10.7-19.8m,Nearshore
2017,Crustacean,700,Lobster,153331,69550,70,0,1096285,7.15,0029,2020-09-23,2020-09-22T20:35:00Z,2017,Nearshore: Vessels 35-64 ft. 11 in. (10.7-19.8m),10.7-19.8m,Nearshore
2017,Crustacean,702,"Shrimp, Pandalus Borealis",31409449,14247233,14247,0,39481566,1.257,0029,2020-09-23,2020-09-22T20:35:00Z,2017,Nearshore: Vessels 35-64 ft. 11 in. (10.7-19.8m),10.7-19.8m,Nearshore
2017,Crustacean,705,"Crab, Queen/Snow",58125990,26365776,26366,0,255265651,4.392,0029,2020-09-23,2020-09-22T20:35:00Z,2017,Nearshore: Vessels 35-64 ft. 11 in. (10.7-19.8m),10.7-19.8m,Nearshore
2018,Groundfish,100,"Cod, Atlantic",10696376,4851845,4852,0,6671775,0.624,0030,2020-09-23,2020-09-22T20:35:00Z,2018,Nearshore: Vessels 35-64 ft. 11 in. (10.7-19.8m),10.7-19.8m,Nearshore
2018,Groundfish,110,Haddock,204670,92838,93,0,90569,0.443,0030,2020-09-23,2020-09-22T20:35:00Z,2018,Nearshore: Vessels 35-64 ft. 11 in. (10.7-19.8m),10.7-19.8m,Nearshore
2018,Groundfish,120,Redfish,2466474,1118785,1119,0,1069668,0.434,0030,2020-09-23,2020-09-22T20:35:00Z,2018,Nearshore: Vessels 35-64 ft. 11 in. (10.7-19.8m),10.7-19.8m,Nearshore
2018,Groundfish,130,Halibut,435456,197522,198,0,1947906,4.473,0030,2020-09-23,2020-09-22T20:35:00Z,2018,Nearshore: Vessels 35-64 ft. 11 in. (10.7-19.8m),10.7-19.8m,Nearshore
2018,Groundfish,144,Turbot/Greenland halibut,8567850,3886351,3886,0,15017765,1.753,0030,2020-09-23,2020-09-22T20:35:00Z,2018,Nearshore: Vessels 35-64 ft. 11 in. (10.7-19.8m),10.7-19.8m,Nearshore
2018,Groundfish,149,Flounders,581103,263587,264,0,235087,0.405,0030,2020-09-23,2020-09-22T20:35:00Z,2018,Nearshore: Vessels 35-64 ft. 11 in. (10.7-19.8m),10.7-19.8m,Nearshore
2018,Groundfish,160,Skate,2017560,915159,915,0,218673,0.108,0030,2020-09-23,2020-09-22T20:35:00Z,2018,Nearshore: Vessels 35-64 ft. 11 in. (10.7-19.8m),10.7-19.8m,Nearshore
2018,Groundfish,170,Pollock,413062,187364,187,0,135207,0.327,0030,2020-09-23,2020-09-22T20:35:00Z,2018,Nearshore: Vessels 35-64 ft. 11 in. (10.7-19.8m),10.7-19.8m,Nearshore
2018,Groundfish,171,"Hake, white",585304,265492,265,0,237616,0.406,0030,2020-09-23,2020-09-22T20:35:00Z,2018,Nearshore: Vessels 35-64 ft. 11 in. (10.7-19.8m),10.7-19.8m,Nearshore
2018,Groundfish,177,Monkfish (Am angler),22741,10315,10,0,12412,0.546,0030,2020-09-23,2020-09-22T20:35:00Z,2018,Nearshore: Vessels 35-64 ft. 11 in. (10.7-19.8m),10.7-19.8m,Nearshore
2018,Pelagics,200,"Herring, Atlantic",16835047,7636327,7636,0,2580813,0.153,0030,2020-09-23,2020-09-22T20:35:00Z,2018,Nearshore: Vessels 35-64 ft. 11 in. (10.7-19.8m),10.7-19.8m,Nearshore
2018,Pelagics,250,Mackerel,11575154,5250455,5250,0,3427403,0.296,0030,2020-09-23,2020-09-22T20:35:00Z,2018,Nearshore: Vessels 35-64 ft. 11 in. (10.7-19.8m),10.7-19.8m,Nearshore
2018,Pelagics,254,"Tuna, bluefin",34012,15428,15,46,151540,4.455,0030,2020-09-23,2020-09-22T20:35:00Z,2018,Nearshore: Vessels 35-64 ft. 11 in. (10.7-19.8m),10.7-19.8m,Nearshore
2018,Pelagics,360,Capelin,40513295,18376710,18377,0,6876031,0.17,0030,2020-09-23,2020-09-22T20:35:00Z,2018,Nearshore: Vessels 35-64 ft. 11 in. (10.7-19.8m),10.7-19.8m,Nearshore
2018,Molluscs,612,"Scallop, Sea",987335,447852,448,0,1032668,1.046,0030,2020-09-23,2020-09-22T20:35:00Z,2018,Nearshore: Vessels 35-64 ft. 11 in. (10.7-19.8m),10.7-19.8m,Nearshore
2018,Molluscs,615,Whelks,440030,199596,200,0,540233,1.228,0030,2020-09-23,2020-09-22T20:35:00Z,2018,Nearshore: Vessels 35-64 ft. 11 in. (10.7-19.8m),10.7-19.8m,Nearshore
2018,Molluscs,617,"Scallop, Iceland",300134,136140,136,0,276540,0.921,0030,2020-09-23,2020-09-22T20:35:00Z,2018,Nearshore: Vessels 35-64 ft. 11 in. (10.7-19.8m),10.7-19.8m,Nearshore
2018,Crustacean,613,"Squid, Illex",489548,222058,222,0,417407,0.853,0030,2020-09-23,2020-09-22T20:35:00Z,2018,Nearshore: Vessels 35-64 ft. 11 in. (10.7-19.8m),10.7-19.8m,Nearshore
2018,Crustacean,619,Sea cucumber,12210211,5538515,5539,0,7415261,0.607,0030,2020-09-23,2020-09-22T20:35:00Z,2018,Nearshore: Vessels 35-64 ft. 11 in. (10.7-19.8m),10.7-19.8m,Nearshore
2018,Crustacean,700,Lobster,244032,110692,111,0,1583690,6.49,0030,2020-09-23,2020-09-22T20:35:00Z,2018,Nearshore: Vessels 35-64 ft. 11 in. (10.7-19.8m),10.7-19.8m,Nearshore
2018,Crustacean,701,"Crab, spider/toad",223246,101264,101,0,111604,0.5,0030,2020-09-23,2020-09-22T20:35:00Z,2018,Nearshore: Vessels 35-64 ft. 11 in. (10.7-19.8m),10.7-19.8m,Nearshore
2018,Crustacean,702,"Shrimp, Pandalus Borealis",29177533,13234842,13235,0,48963926,1.678,0030,2020-09-23,2020-09-22T20:35:00Z,2018,Nearshore: Vessels 35-64 ft. 11 in. (10.7-19.8m),10.7-19.8m,Nearshore
2018,Crustacean,705,"Crab, Queen/Snow",49706946,22546923,22547,0,239529424,4.819,0030,2020-09-23,2020-09-22T20:35:00Z,2018,Nearshore: Vessels 35-64 ft. 11 in. (10.7-19.8m),10.7-19.8m,Nearshore
2019,Groundfish,100,"Cod, Atlantic",9649885,4377159,4377,0,6887628,0.714,0031,2020-09-23,2020-09-22T20:35:00Z,2019,Nearshore: Vessels 35-64 ft. 11 in. (10.7-19.8m),10.7-19.8m,Nearshore
2019,Groundfish,110,Haddock,241193,109405,109,0,108006,0.448,0031,2020-09-23,2020-09-22T20:35:00Z,2019,Nearshore: Vessels 35-64 ft. 11 in. (10.7-19.8m),10.7-19.8m,Nearshore
2019,Groundfish,120,Redfish,3819911,1732700,1733,0,1512510,0.396,0031,2020-09-23,2020-09-22T20:35:00Z,2019,Nearshore: Vessels 35-64 ft. 11 in. (10.7-19.8m),10.7-19.8m,Nearshore
2019,Groundfish,130,Halibut,618282,280451,280,0,2873716,4.648,0031,2020-09-23,2020-09-22T20:35:00Z,2019,Nearshore: Vessels 35-64 ft. 11 in. (10.7-19.8m),10.7-19.8m,Nearshore
2019,Groundfish,144,Turbot/Greenland halibut,8925429,4048548,4049,0,16226798,1.818,0031,2020-09-23,2020-09-22T20:35:00Z,2019,Nearshore: Vessels 35-64 ft. 11 in. (10.7-19.8m),10.7-19.8m,Nearshore
2019,Groundfish,149,Flounders,540713,245266,245,0,254282,0.47,0031,2020-09-23,2020-09-22T20:35:00Z,2019,Nearshore: Vessels 35-64 ft. 11 in. (10.7-19.8m),10.7-19.8m,Nearshore
2019,Groundfish,160,Skate,1952307,885561,886,0,211295,0.108,0031,2020-09-23,2020-09-22T20:35:00Z,2019,Nearshore: Vessels 35-64 ft. 11 in. (10.7-19.8m),10.7-19.8m,Nearshore
2019,Groundfish,170,Pollock,176761,80178,80,0,49768,0.282,0031,2020-09-23,2020-09-22T20:35:00Z,2019,Nearshore: Vessels 35-64 ft. 11 in. (10.7-19.8m),10.7-19.8m,Nearshore
2019,Groundfish,171,"Hake, white",317411,143977,144,0,133570,0.421,0031,2020-09-23,2020-09-22T20:35:00Z,2019,Nearshore: Vessels 35-64 ft. 11 in. (10.7-19.8m),10.7-19.8m,Nearshore
2019,Groundfish,177,Monkfish (Am angler),27686,12558,13,0,15178,0.548,0031,2020-09-23,2020-09-22T20:35:00Z,2019,Nearshore: Vessels 35-64 ft. 11 in. (10.7-19.8m),10.7-19.8m,Nearshore
2019,Pelagics,200,"Herring, Atlantic",28735553,13034361,13034,0,6178144,0.215,0031,2020-09-23,2020-09-22T20:35:00Z,2019,Nearshore: Vessels 35-64 ft. 11 in. (10.7-19.8m),10.7-19.8m,Nearshore
2019,Pelagics,250,Mackerel,9471102,4296064,4296,0,2263593,0.239,0031,2020-09-23,2020-09-22T20:35:00Z,2019,Nearshore: Vessels 35-64 ft. 11 in. (10.7-19.8m),10.7-19.8m,Nearshore
2019,Pelagics,254,"Tuna, bluefin",31964,14499,14,43,123515,3.864,0031,2020-09-23,2020-09-22T20:35:00Z,2019,Nearshore: Vessels 35-64 ft. 11 in. (10.7-19.8m),10.7-19.8m,Nearshore
2019,Pelagics,360,Capelin,42689381,19363776,19364,0,11445023,0.268,0031,2020-09-23,2020-09-22T20:35:00Z,2019,Nearshore: Vessels 35-64 ft. 11 in. (10.7-19.8m),10.7-19.8m,Nearshore
2019,Molluscs,612,"Scallop, Sea",2032890,922113,922,0,1994839,0.981,0031,2020-09-23,2020-09-22T20:35:00Z,2019,Nearshore: Vessels 35-64 ft. 11 in. (10.7-19.8m),10.7-19.8m,Nearshore
2019,Molluscs,615,Whelks,553850,251225,251,0,732376,1.322,0031,2020-09-23,2020-09-22T20:35:00Z,2019,Nearshore: Vessels 35-64 ft. 11 in. (10.7-19.8m),10.7-19.8m,Nearshore
2019,Molluscs,617,"Scallop, Iceland",190586,86449,86,0,158608,0.832,0031,2020-09-23,2020-09-22T20:35:00Z,2019,Nearshore: Vessels 35-64 ft. 11 in. (10.7-19.8m),10.7-19.8m,Nearshore
2019,Crustacean,613,"Squid, Illex",834177,378380,378,0,713688,0.856,0031,2020-09-23,2020-09-22T20:35:00Z,2019,Nearshore: Vessels 35-64 ft. 11 in. (10.7-19.8m),10.7-19.8m,Nearshore
2019,Crustacean,619,Sea cucumber,14407596,6535243,6535,0,10157355,0.705,0031,2020-09-23,2020-09-22T20:35:00Z,2019,Nearshore: Vessels 35-64 ft. 11 in. (10.7-19.8m),10.7-19.8m,Nearshore
2019,Crustacean,700,Lobster,361508,163979,164,0,2279058,6.304,0031,2020-09-23,2020-09-22T20:35:00Z,2019,Nearshore: Vessels 35-64 ft. 11 in. (10.7-19.8m),10.7-19.8m,Nearshore
2019,Crustacean,702,"Shrimp, Pandalus Borealis",26455760,12000254,12000,0,45128217,1.706,0031,2020-09-23,2020-09-22T20:35:00Z,2019,Nearshore: Vessels 35-64 ft. 11 in. (10.7-19.8m),10.7-19.8m,Nearshore
2019,Crustacean,705,"Crab, Queen/Snow",47650629,21614183,21614,0,248219147,5.209,0031,2020-09-23,2020-09-22T20:35:00Z,2019,Nearshore: Vessels 35-64 ft. 11 in. (10.7-19.8m),10.7-19.8m,Nearshore
2020,Groundfish,100,"Cod, Atlantic",2338198,1060600,1061,0,1424008,0.609,0032,2020-09-23,2020-09-22T20:35:00Z,2020,Nearshore: Vessels 35-64 ft. 11 in. (10.7-19.8m),10.7-19.8m,Nearshore
2020,Groundfish,110,Haddock,51278,23259,23,0,22699,0.443,0032,2020-09-23,2020-09-22T20:35:00Z,2020,Nearshore: Vessels 35-64 ft. 11 in. (10.7-19.8m),10.7-19.8m,Nearshore
2020,Groundfish,120,Redfish,1426484,647049,647,0,564877,0.396,0032,2020-09-23,2020-09-22T20:35:00Z,2020,Nearshore: Vessels 35-64 ft. 11 in. (10.7-19.8m),10.7-19.8m,Nearshore
2020,Groundfish,130,Halibut,385285,174764,175,0,1785930,4.635,0032,2020-09-23,2020-09-22T20:35:00Z,2020,Nearshore: Vessels 35-64 ft. 11 in. (10.7-19.8m),10.7-19.8m,Nearshore
2020,Groundfish,144,Turbot/Greenland halibut,4901950,2223510,2224,0,8246186,1.682,0032,2020-09-23,2020-09-22T20:35:00Z,2020,Nearshore: Vessels 35-64 ft. 11 in. (10.7-19.8m),10.7-19.8m,Nearshore
2020,Groundfish,149,Flounders,384910,174594,175,0,180523,0.469,0032,2020-09-23,2020-09-22T20:35:00Z,2020,Nearshore: Vessels 35-64 ft. 11 in. (10.7-19.8m),10.7-19.8m,Nearshore
2020,Groundfish,160,Skate,1047800,475279,475,0,112541,0.107,0032,2020-09-23,2020-09-22T20:35:00Z,2020,Nearshore: Vessels 35-64 ft. 11 in. (10.7-19.8m),10.7-19.8m,Nearshore
2020,Groundfish,170,Pollock,26449,11997,12,0,7428,0.281,0032,2020-09-23,2020-09-22T20:35:00Z,2020,Nearshore: Vessels 35-64 ft. 11 in. (10.7-19.8m),10.7-19.8m,Nearshore
2020,Groundfish,171,"Hake, white",59108,26811,27,0,24182,0.409,0032,2020-09-23,2020-09-22T20:35:00Z,2020,Nearshore: Vessels 35-64 ft. 11 in. (10.7-19.8m),10.7-19.8m,Nearshore
2020,Groundfish,177,Monkfish (Am angler),34287,15553,16,0,18627,0.543,0032,2020-09-23,2020-09-22T20:35:00Z,2020,Nearshore: Vessels 35-64 ft. 11 in. (10.7-19.8m),10.7-19.8m,Nearshore
2020,Pelagics,200,"Herring, Atlantic",4724055,2142817,2143,0,708608,0.15,0032,2020-09-23,2020-09-22T20:35:00Z,2020,Nearshore: Vessels 35-64 ft. 11 in. (10.7-19.8m),10.7-19.8m,Nearshore
2020,Pelagics,250,Mackerel,558080,253143,253,0,122778,0.22,0032,2020-09-23,2020-09-22T20:35:00Z,2020,Nearshore: Vessels 35-64 ft. 11 in. (10.7-19.8m),10.7-19.8m,Nearshore
2020,Pelagics,360,Capelin,37753798,17125010,17125,0,15856595,0.42,0032,2020-09-23,2020-09-22T20:35:00Z,2020,Nearshore: Vessels 35-64 ft. 11 in. (10.7-19.8m),10.7-19.8m,Nearshore
2020,Crustacean,619,Sea cucumber,7397601,3355530,3356,0,5215309,0.705,0032,2020-09-23,2020-09-22T20:35:00Z,2020,Nearshore: Vessels 35-64 ft. 11 in. (10.7-19.8m),10.7-19.8m,Nearshore
2020,Crustacean,702,"Shrimp, Pandalus Borealis",1251929,567871,568,0,1477272,1.18,0032,2020-09-23,2020-09-22T20:35:00Z,2020,Nearshore: Vessels 35-64 ft. 11 in. (10.7-19.8m),10.7-19.8m,Nearshore
2020,Crustacean,705,"Crab, Queen/Snow",51932933,23556624,23557,0,178977975,3.446,0032,2020-09-23,2020-09-22T20:35:00Z,2020,Nearshore: Vessels 35-64 ft. 11 in. (10.7-19.8m),10.7-19.8m,Nearshore
2013,Groundfish,144,Turbot/Greenland halibut,13000872,5897157,5897,0,34181298,2.629,0033,2020-09-23,2020-09-22T20:35:00Z,2013,Offshore: Vessels > 100 ft. (30.5m),30.5m,Offshore
2013,Crustacean,702,"Shrimp, Pandalus Borealis",89443640,40571369,40571,0,150264179,1.68,0033,2020-09-23,2020-09-22T20:35:00Z,2013,Offshore: Vessels > 100 ft. (30.5m),30.5m,Offshore
2013,Crustacean,712,"Shrimp, Pandalus Montagui",10803561,4900463,4900,0,18149845,1.68,0033,2020-09-23,2020-09-22T20:35:00Z,2013,Offshore: Vessels > 100 ft. (30.5m),30.5m,Offshore
2013,Miscellaneous,959,Groundfish Heads,3516524,1595085,1595,0,6646239,1.89,0033,2020-09-23,2020-09-22T20:35:00Z,2013,Offshore: Vessels > 100 ft. (30.5m),30.5m,Offshore
2014,Crustacean,702,"Shrimp, Pandalus Borealis",75385832,34194789,34195,0,147003398,1.95,0034,2020-09-23,2020-09-22T20:35:00Z,2014,Offshore: Vessels > 100 ft. (30.5m),30.5m,Offshore
2014,Crustacean,712,"Shrimp, Pandalus Montagui",9897023,4489260,4489,0,19299329,1.95,0034,2020-09-23,2020-09-22T20:35:00Z,2014,Offshore: Vessels > 100 ft. (30.5m),30.5m,Offshore
2015,Crustacean,702,"Shrimp, Pandalus Borealis",88395697,40096025,40096,0,212148068,2.4,0035,2020-09-23,2020-09-22T20:35:00Z,2015,Offshore: Vessels > 100 ft. (30.5m),30.5m,Offshore
2015,Crustacean,712,"Shrimp, Pandalus Montagui",10169513,4612861,4613,0,24406646,2.4,0035,2020-09-23,2020-09-22T20:35:00Z,2015,Offshore: Vessels > 100 ft. (30.5m),30.5m,Offshore
2016,Groundfish,144,Turbot/Greenland halibut,12996488,5895168,5895,0,38280695,2.945,0036,2020-09-23,2020-09-22T20:35:00Z,2016,Offshore: Vessels > 100 ft. (30.5m),30.5m,Offshore
2016,Crustacean,702,"Shrimp, Pandalus Borealis",64967631,29469124,29469,0,165018254,2.54,0036,2020-09-23,2020-09-22T20:35:00Z,2016,Offshore: Vessels > 100 ft. (30.5m),30.5m,Offshore
2016,Crustacean,712,"Shrimp, Pandalus Montagui",10261271,4654482,4654,0,26063703,2.54,0036,2020-09-23,2020-09-22T20:35:00Z,2016,Offshore: Vessels > 100 ft. (30.5m),30.5m,Offshore
2016,Miscellaneous,959,Groundfish Heads,2992941,1357589,1358,0,8320312,2.78,0036,2020-09-23,2020-09-22T20:35:00Z,2016,Offshore: Vessels > 100 ft. (30.5m),30.5m,Offshore
2017,Groundfish,120,Redfish,9212097,4178580,4179,0,9906279,1.075,0037,2020-09-23,2020-09-22T20:35:00Z,2017,Offshore: Vessels > 100 ft. (30.5m),30.5m,Offshore
2017,Groundfish,144,Turbot/Greenland halibut,11582118,5253614,5254,0,32361154,2.794,0037,2020-09-23,2020-09-22T20:35:00Z,2017,Offshore: Vessels > 100 ft. (30.5m),30.5m,Offshore
2017,Crustacean,702,"Shrimp, Pandalus Borealis",59223001,26863377,26863,0,150426852,2.54,0037,2020-09-23,2020-09-22T20:35:00Z,2017,Offshore: Vessels > 100 ft. (30.5m),30.5m,Offshore
2017,Crustacean,712,"Shrimp, Pandalus Montagui",9105454,4130207,4130,0,23127920,2.54,0037,2020-09-23,2020-09-22T20:35:00Z,2017,Offshore: Vessels > 100 ft. (30.5m),30.5m,Offshore
2017,Miscellaneous,959,Groundfish Heads,2964903,1344871,1345,0,5308610,1.79,0037,2020-09-23,2020-09-22T20:35:00Z,2017,Offshore: Vessels > 100 ft. (30.5m),30.5m,Offshore
2018,Groundfish,144,Turbot/Greenland halibut,12600060,5715350,5715,0,37502769,2.976,0038,2020-09-23,2020-09-22T20:35:00Z,2018,Offshore: Vessels > 100 ft. (30.5m),30.5m,Offshore
2018,Crustacean,702,"Shrimp, Pandalus Borealis",64253916,29145385,29145,0,161727741,2.517,0038,2020-09-23,2020-09-22T20:35:00Z,2018,Offshore: Vessels > 100 ft. (30.5m),30.5m,Offshore
2018,Miscellaneous,959,Groundfish Heads,2951344,1338721,1339,0,3878070,1.314,0038,2020-09-23,2020-09-22T20:35:00Z,2018,Offshore: Vessels > 100 ft. (30.5m),30.5m,Offshore
2019,Groundfish,120,Redfish,8190320,3715105,3715,0,8652746,1.056,0039,2020-09-23,2020-09-22T20:35:00Z,2019,Offshore: Vessels > 100 ft. (30.5m),30.5m,Offshore
2019,Groundfish,144,Turbot/Greenland halibut,12332307,5593898,5594,0,39191195,3.178,0039,2020-09-23,2020-09-22T20:35:00Z,2019,Offshore: Vessels > 100 ft. (30.5m),30.5m,Offshore
2019,Crustacean,702,"Shrimp, Pandalus Borealis",51359074,23296323,23296,0,116481615,2.268,0039,2020-09-23,2020-09-22T20:35:00Z,2019,Offshore: Vessels > 100 ft. (30.5m),30.5m,Offshore
2019,Miscellaneous,959,Groundfish Heads,2497558,1132885,1133,0,2153798,0.862,0039,2020-09-23,2020-09-22T20:35:00Z,2019,Offshore: Vessels > 100 ft. (30.5m),30.5m,Offshore
2020,Groundfish,144,Turbot/Greenland halibut,12705381,5763123,5763,0,36740826,2.892,0040,2020-09-23,2020-09-22T20:35:00Z,2020,Offshore: Vessels > 100 ft. (30.5m),30.5m,Offshore
2020,Crustacean,702,"Shrimp, Pandalus Borealis",35712514,16199090,16199,0,80995450,2.268,0040,2020-09-23,2020-09-22T20:35:00Z,2020,Offshore: Vessels > 100 ft. (30.5m),30.5m,Offshore
2020,Crustacean,712,"Shrimp, Pandalus Montagui",5600566,2540400,2540,0,12702000,2.268,0040,2020-09-23,2020-09-22T20:35:00Z,2020,Offshore: Vessels > 100 ft. (30.5m),30.5m,Offshore
2020,Miscellaneous,959,Groundfish Heads,3621468,1642687,1643,0,2944217,0.813,0040,2020-09-23,2020-09-22T20:35:00Z,2020,Offshore: Vessels > 100 ft. (30.5m),30.5m,Offshore
